TimeGenerated,EventID,TaskName,User
2025-04-30 18:52:56,106,\Microsoft\Windows\GroupPolicy\{3E0A038B-D834-4930-9981-E89C9BFF83AA},S-1-5-20
2025-05-05 14:34:36,106,\GoogleSystem\GoogleUpdater\GoogleUpdaterTaskSystem138.0.7156.0{54BBABDD-A0BD-4931-9535-F430C1183F9C},NT AUTHORITY\SYSTEM
2025-05-05 15:01:38,106,\OneDrive Standalone Update Task-S-1-5-21-940427800-3033943821-3655602850-1001,R4T0R\playerone
2025-05-05 17:15:22,106,\Microsoft\Windows\GroupPolicy\{A7719E0F-10DB-4640-AD8C-490CC6AD5202},S-1-5-20
2025-05-05 19:23:49,106,\Microsoft\Windows\UpdateOrchestrator\MusUx_LogonUpdateResults,S-1-5-18
2025-05-06 07:14:13,106,\OneDrive Standalone Update Task-S-1-5-21-2339272666-3457689461-1411455609-1103,STRAYERRAPTORS0\AndyM
2025-05-06 07:14:54,106,\OneDrive Standalone Update Task-S-1-5-21-2339272666-3457689461-1411455609-1103,STRAYERRAPTORS0\AndyM
2025-05-06 07:14:54,106,\OneDrive Reporting Task-S-1-5-21-2339272666-3457689461-1411455609-1103,STRAYERRAPTORS0\AndyM
2025-05-06 10:36:17,106,\OneDrive Standalone Update Task-S-1-5-21-2339272666-3457689461-1411455609-1111,STRAYERRAPTORS0\OrangeTeam1
2025-05-06 10:36:58,106,\OneDrive Standalone Update Task-S-1-5-21-2339272666-3457689461-1411455609-1111,STRAYERRAPTORS0\OrangeTeam1
2025-05-06 10:36:58,106,\OneDrive Reporting Task-S-1-5-21-2339272666-3457689461-1411455609-1111,STRAYERRAPTORS0\OrangeTeam1
2025-05-07 18:43:37,106,\OneDrive Standalone Update Task-S-1-5-21-2339272666-3457689461-1411455609-1103,STRAYERRAPTORS0\AndyM
2025-05-07 18:43:37,106,\OneDrive Startup Task-S-1-5-21-2339272666-3457689461-1411455609-1103,STRAYERRAPTORS0\AndyM
