TimeGenerated,EventID,TaskName,User
2025-05-05 15:01:38,141,\OneDrive Standalone Update Task-S-1-5-21-940427800-3033943821-3655602850-1001,R4T0R\playerone
2025-05-05 16:03:44,141,\GoogleSystem\GoogleUpdater\GoogleUpdaterTaskSystem137.0.7129.0{2A63B595-EEBD-4549-8409-802C0FF058C1},NT AUTHORITY\System
2025-05-06 07:11:52,141,\Microsoft\Windows\UpdateOrchestrator\MusUx_LogonUpdateResults,NT AUTHORITY\System
2025-05-06 07:14:54,141,\OneDrive Standalone Update Task-S-1-5-21-2339272666-3457689461-1411455609-1103,STRAYERRAPTORS0\AndyM
2025-05-06 10:36:58,141,\OneDrive Standalone Update Task-S-1-5-21-2339272666-3457689461-1411455609-1111,STRAYERRAPTORS0\OrangeTeam1
2025-05-07 18:43:37,141,\OneDrive Standalone Update Task-S-1-5-21-2339272666-3457689461-1411455609-1103,STRAYERRAPTORS0\AndyM
