TimeGenerated,EventID,NameSpace,ESS,Consumer,PossibleCause
2025-04-28 15:53:36,5861,//./root/subscription,SCM Event Log Filter,NTEventLogEventConsumer="SCM Event Log Consumer","Binding EventFilter: 
instance of __EventFilter
{
	CreatorSID = {1, 2, 0, 0, 0, 0, 0, 5, 32, 0, 0, 0, 32, 2, 0, 0};
	EventNamespace = ""root\\cimv2"";
	Name = ""SCM Event Log Filter"";
	Query = ""select * from MSFT_SCMEventLogEvent"";
	QueryLanguage = ""WQL"";
};
Perm. Consumer: 
instance of NTEventLogEventConsumer
{
	Category = 0;
	CreatorSID = {1, 2, 0, 0, 0, 0, 0, 5, 32, 0, 0, 0, 32, 2, 0, 0};
	EventType = 1;
	Name = ""SCM Event Log Consumer"";
	NameOfUserSIDProperty = ""sid"";
	SourceName = ""Service Control Manager"";
};
"
2025-04-29 17:41:48,5861,//./root/subscription,SCM Event Log Filter,NTEventLogEventConsumer="SCM Event Log Consumer","Binding EventFilter: 
instance of __EventFilter
{
	CreatorSID = {1, 2, 0, 0, 0, 0, 0, 5, 32, 0, 0, 0, 32, 2, 0, 0};
	EventNamespace = ""root\\cimv2"";
	Name = ""SCM Event Log Filter"";
	Query = ""select * from MSFT_SCMEventLogEvent"";
	QueryLanguage = ""WQL"";
};
Perm. Consumer: 
instance of NTEventLogEventConsumer
{
	Category = 0;
	CreatorSID = {1, 2, 0, 0, 0, 0, 0, 5, 32, 0, 0, 0, 32, 2, 0, 0};
	EventType = 1;
	Name = ""SCM Event Log Consumer"";
	NameOfUserSIDProperty = ""sid"";
	SourceName = ""Service Control Manager"";
};
"
2025-04-30 18:52:44,5861,//./root/subscription,SCM Event Log Filter,NTEventLogEventConsumer="SCM Event Log Consumer","Binding EventFilter: 
instance of __EventFilter
{
	CreatorSID = {1, 2, 0, 0, 0, 0, 0, 5, 32, 0, 0, 0, 32, 2, 0, 0};
	EventNamespace = ""root\\cimv2"";
	Name = ""SCM Event Log Filter"";
	Query = ""select * from MSFT_SCMEventLogEvent"";
	QueryLanguage = ""WQL"";
};
Perm. Consumer: 
instance of NTEventLogEventConsumer
{
	Category = 0;
	CreatorSID = {1, 2, 0, 0, 0, 0, 0, 5, 32, 0, 0, 0, 32, 2, 0, 0};
	EventType = 1;
	Name = ""SCM Event Log Consumer"";
	NameOfUserSIDProperty = ""sid"";
	SourceName = ""Service Control Manager"";
};
"
2025-05-05 19:40:44,5861,//./root/subscription,SCM Event Log Filter,NTEventLogEventConsumer="SCM Event Log Consumer","Binding EventFilter: 
instance of __EventFilter
{
	CreatorSID = {1, 2, 0, 0, 0, 0, 0, 5, 32, 0, 0, 0, 32, 2, 0, 0};
	EventNamespace = ""root\\cimv2"";
	Name = ""SCM Event Log Filter"";
	Query = ""select * from MSFT_SCMEventLogEvent"";
	QueryLanguage = ""WQL"";
};
Perm. Consumer: 
instance of NTEventLogEventConsumer
{
	Category = 0;
	CreatorSID = {1, 2, 0, 0, 0, 0, 0, 5, 32, 0, 0, 0, 32, 2, 0, 0};
	EventType = 1;
	Name = ""SCM Event Log Consumer"";
	NameOfUserSIDProperty = ""sid"";
	SourceName = ""Service Control Manager"";
};
"
