TimeGenerated,EventID,ProviderName,Code,ProcessID,ProviderPath
2025-04-24 20:12:15,5857,CIMWin32,0x0,3980,%systemroot%\system32\wbem\cimwin32.dll
2025-04-24 20:12:16,5857,WmiPerfClass,0x0,8336,C:\Windows\System32\wbem\WmiPerfClass.dll
2025-04-24 20:12:16,5857,WMI Kernel Trace Event Provider,0x0,2968,C:\Windows\System32\wbem\krnlprov.dll
2025-04-25 07:22:02,5857,CIMWin32,0x0,8328,%systemroot%\system32\wbem\cimwin32.dll
2025-04-25 07:22:02,5857,CIMWin32a,0x0,8328,%systemroot%\system32\wbem\wmipcima.dll
2025-04-25 07:23:31,5857,WhqlProvider,0x0,8328,%systemroot%\system32\signdrv.dll
2025-04-25 07:23:32,5857,InvProv,0x0,8336,C:\Windows\System32\invagent.dll
2025-04-25 07:23:49,5857,Win32_TpmProvider,0x0,8328,C:\Windows\System32\wbem\Win32_TPM.dll
2025-04-25 07:23:50,5857,Win32_DeviceGuard,0x0,8328,%SystemRoot%\System32\Win32_DeviceGuard.dll
2025-04-25 07:31:20,5857,CIMWin32,0x0,8944,%systemroot%\system32\wbem\cimwin32.dll
2025-04-25 07:31:22,5857,UserProfileProvider,0x0,8944,%systemroot%\system32\profprov.dll
2025-04-25 07:32:59,5857,CIMWin32,0x0,8944,%systemroot%\system32\wbem\cimwin32.dll
2025-04-25 07:33:48,5857,WhqlProvider,0x0,8944,%systemroot%\system32\signdrv.dll
2025-04-25 07:33:49,5857,InvProv,0x0,8336,C:\Windows\System32\invagent.dll
2025-04-25 07:36:57,5857,CIMWin32,0x0,7104,%systemroot%\system32\wbem\cimwin32.dll
2025-04-25 07:50:58,5857,CIMWin32,0x0,7104,%systemroot%\system32\wbem\cimwin32.dll
2025-04-25 09:54:53,5857,CIMWin32,0x0,8744,%systemroot%\system32\wbem\cimwin32.dll
2025-04-25 09:57:42,5857,CIMWin32,0x0,10732,%systemroot%\system32\wbem\cimwin32.dll
2025-04-25 09:59:15,5857,CIMWin32,0x0,3756,%systemroot%\system32\wbem\cimwin32.dll
2025-04-25 09:59:17,5857,WhqlProvider,0x0,3756,%systemroot%\system32\signdrv.dll
2025-04-25 09:59:19,5857,InvProv,0x0,936,C:\Windows\System32\invagent.dll
2025-04-25 10:00:30,5857,CIMWin32,0x0,3756,%systemroot%\system32\wbem\cimwin32.dll
2025-04-25 10:03:18,5857,CIMWin32,0x0,11504,%systemroot%\system32\wbem\cimwin32.dll
2025-04-25 10:05:09,5857,CIMWin32,0x0,7724,%systemroot%\system32\wbem\cimwin32.dll
2025-04-25 10:08:55,5857,CIMWin32,0x0,464,%systemroot%\system32\wbem\cimwin32.dll
2025-04-25 10:11:44,5857,CIMWin32,0x0,4056,%systemroot%\system32\wbem\cimwin32.dll
2025-04-25 10:14:33,5857,CIMWin32,0x0,4260,%systemroot%\system32\wbem\cimwin32.dll
2025-04-25 10:14:46,5857,WhqlProvider,0x0,4260,%systemroot%\system32\signdrv.dll
2025-04-25 10:14:47,5857,InvProv,0x0,6404,C:\Windows\System32\invagent.dll
2025-04-25 10:17:21,5857,CIMWin32,0x0,7836,%systemroot%\system32\wbem\cimwin32.dll
2025-04-25 10:20:10,5857,CIMWin32,0x0,8496,%systemroot%\system32\wbem\cimwin32.dll
2025-04-25 10:24:01,5857,WMIProv,0x0,11064,%systemroot%\system32\wbem\wmiprov.dll
2025-04-25 10:30:40,5857,CIMWin32,0x0,9868,%systemroot%\system32\wbem\cimwin32.dll
2025-04-25 10:32:06,5857,CIMWin32,0x0,9868,%systemroot%\system32\wbem\cimwin32.dll
2025-04-25 10:32:08,5857,WhqlProvider,0x0,9868,%systemroot%\system32\signdrv.dll
2025-04-25 10:32:09,5857,InvProv,0x0,3236,C:\Windows\System32\invagent.dll
2025-04-25 11:54:53,5857,CIMWin32,0x0,2936,%systemroot%\system32\wbem\cimwin32.dll
2025-04-25 11:54:53,5857,CIMWin32a,0x0,2936,%systemroot%\system32\wbem\wmipcima.dll
2025-04-25 11:55:56,5857,CIMWin32,0x0,2936,%systemroot%\system32\wbem\cimwin32.dll
2025-04-25 11:56:01,5857,WhqlProvider,0x0,2936,%systemroot%\system32\signdrv.dll
2025-04-25 11:56:04,5857,InvProv,0x0,8872,C:\Windows\System32\invagent.dll
2025-04-25 12:00:10,5857,CIMWin32,0x0,7820,%systemroot%\system32\wbem\cimwin32.dll
2025-04-25 14:07:35,5857,CIMWin32,0x0,12140,%systemroot%\system32\wbem\cimwin32.dll
2025-04-25 14:07:35,5857,CIMWin32a,0x0,12140,%systemroot%\system32\wbem\wmipcima.dll
2025-04-25 14:09:36,5857,CIMWin32,0x0,10528,%systemroot%\system32\wbem\cimwin32.dll
2025-04-25 19:18:33,5857,CIMWin32,0x0,4492,%systemroot%\system32\wbem\cimwin32.dll
2025-04-26 10:16:05,5857,CIMWin32,0x0,6720,%systemroot%\system32\wbem\cimwin32.dll
2025-04-26 10:18:58,5857,CIMWin32,0x0,11144,%systemroot%\system32\wbem\cimwin32.dll
2025-04-26 10:18:58,5857,CIMWin32a,0x0,11144,%systemroot%\system32\wbem\wmipcima.dll
2025-04-26 10:19:09,5857,WmiPerfClass,0x0,776,C:\Windows\System32\wbem\WmiPerfClass.dll
2025-04-26 10:19:09,5857,Win32_TpmProvider,0x0,11144,C:\Windows\System32\wbem\Win32_TPM.dll
2025-04-26 10:19:10,5857,Win32_DeviceGuard,0x0,11144,%SystemRoot%\System32\Win32_DeviceGuard.dll
2025-04-26 10:21:00,5857,CIMWin32,0x0,9708,%systemroot%\system32\wbem\cimwin32.dll
2025-04-26 10:30:40,5857,CIMWin32,0x0,7648,%systemroot%\system32\wbem\cimwin32.dll
2025-04-26 10:30:44,5857,UserProfileProvider,0x0,7648,%systemroot%\system32\profprov.dll
2025-04-26 10:30:55,5857,CIMWin32a,0x0,7648,%systemroot%\system32\wbem\wmipcima.dll
2025-04-26 10:46:56,5857,WMIProv,0x0,776,%systemroot%\system32\wbem\wmiprov.dll
2025-04-27 10:45:13,5857,CIMWin32,0x0,8624,%systemroot%\system32\wbem\cimwin32.dll
2025-04-27 10:48:04,5857,WmiPerfClass,0x0,5756,C:\Windows\System32\wbem\WmiPerfClass.dll
2025-04-27 10:48:04,5857,CIMWin32,0x0,640,%systemroot%\system32\wbem\cimwin32.dll
2025-04-27 10:48:05,5857,CIMWin32a,0x0,640,%systemroot%\system32\wbem\wmipcima.dll
2025-04-27 10:48:06,5857,Win32_TpmProvider,0x0,640,C:\Windows\System32\wbem\Win32_TPM.dll
2025-04-27 10:48:08,5857,Win32_DeviceGuard,0x0,640,%SystemRoot%\System32\Win32_DeviceGuard.dll
2025-04-27 10:50:06,5857,CIMWin32,0x0,640,%systemroot%\system32\wbem\cimwin32.dll
2025-04-27 10:50:41,5857,CIMWin32,0x0,640,%systemroot%\system32\wbem\cimwin32.dll
2025-04-27 11:04:14,5857,CIMWin32,0x0,7640,%systemroot%\system32\wbem\cimwin32.dll
2025-04-27 11:04:14,5857,CIMWin32a,0x0,7640,%systemroot%\system32\wbem\wmipcima.dll
2025-04-27 11:04:29,5857,UserProfileProvider,0x0,7640,%systemroot%\system32\profprov.dll
2025-04-27 11:06:28,5857,CIMWin32,0x0,8220,%systemroot%\system32\wbem\cimwin32.dll
2025-04-27 11:14:46,5857,CIMWin32,0x0,32,%systemroot%\system32\wbem\cimwin32.dll
2025-04-27 11:35:51,5857,WMIProv,0x0,8560,%systemroot%\system32\wbem\wmiprov.dll
2025-04-27 13:53:24,5857,CIMWin32,0x0,4684,%systemroot%\system32\wbem\cimwin32.dll
2025-04-27 13:53:27,5857,WhqlProvider,0x0,4684,%systemroot%\system32\signdrv.dll
2025-04-27 13:53:29,5857,InvProv,0x0,10152,C:\Windows\System32\invagent.dll
2025-04-28 15:40:30,5857,CIMWin32,0x0,9140,%systemroot%\system32\wbem\cimwin32.dll
2025-04-28 15:40:30,5857,CIMWin32a,0x0,9140,%systemroot%\system32\wbem\wmipcima.dll
2025-04-28 15:40:41,5857,WhqlProvider,0x0,9140,%systemroot%\system32\signdrv.dll
2025-04-28 15:40:43,5857,InvProv,0x0,10804,C:\Windows\System32\invagent.dll
2025-04-28 15:40:55,5857,SppProvider,0x0,9140,%SystemRoot%\System32\sppwmi.dll
2025-04-28 15:42:55,5857,CIMWin32,0x0,1472,%systemroot%\system32\wbem\cimwin32.dll
2025-04-28 15:43:20,5857,WmiPerfClass,0x0,12668,C:\Windows\System32\wbem\WmiPerfClass.dll
2025-04-28 15:43:20,5857,Win32_TpmProvider,0x0,1472,C:\Windows\System32\wbem\Win32_TPM.dll
2025-04-28 15:43:21,5857,Win32_DeviceGuard,0x0,1472,%SystemRoot%\System32\Win32_DeviceGuard.dll
2025-04-28 15:44:09,5857,SppProvider,0x0,1472,%SystemRoot%\System32\sppwmi.dll
2025-04-28 15:46:21,5857,Win32_WIN32_TERMINALSERVICE_Prov,0x0,1472,%SystemRoot%\system32\tscfgwmi.dll
2025-04-28 15:46:41,5857,StorageWMI,0x0,1472,%SystemRoot%\System32\storagewmi.dll
2025-04-28 15:50:44,5857,CIMWin32,0x0,1080,%systemroot%\system32\wbem\cimwin32.dll
2025-04-28 15:53:17,5857,CIMWin32,0x0,3988,%systemroot%\system32\wbem\cimwin32.dll
2025-04-28 15:53:26,5857,CIMWin32a,0x0,3988,%systemroot%\system32\wbem\wmipcima.dll
2025-04-28 15:54:27,5857,CIMWin32,0x0,3988,%systemroot%\system32\wbem\cimwin32.dll
2025-04-28 15:55:15,5857,CIMWin32,0x0,3988,%systemroot%\system32\wbem\cimwin32.dll
2025-04-28 15:57:15,5857,WMIProv,0x0,4368,%systemroot%\system32\wbem\wmiprov.dll
2025-04-28 16:00:47,5857,CIMWin32,0x0,4068,%systemroot%\system32\wbem\cimwin32.dll
2025-04-28 16:03:41,5857,CIMWin32,0x0,5848,%systemroot%\system32\wbem\cimwin32.dll
2025-04-28 16:03:43,5857,StorageWMI,0x0,5848,%SystemRoot%\System32\storagewmi.dll
2025-04-28 16:08:18,5857,CIMWin32,0x0,8976,%systemroot%\system32\wbem\cimwin32.dll
2025-04-28 16:10:43,5857,CIMWin32,0x0,8308,%systemroot%\system32\wbem\cimwin32.dll
2025-04-28 16:12:02,5857,CIMWin32,0x0,8308,%systemroot%\system32\wbem\cimwin32.dll
2025-04-28 16:23:33,5857,CIMWin32,0x0,5452,%systemroot%\system32\wbem\cimwin32.dll
2025-04-28 16:23:33,5857,WmiPerfClass,0x0,488,C:\Windows\System32\wbem\WmiPerfClass.dll
2025-04-28 16:23:33,5857,WMI Kernel Trace Event Provider,0x0,3332,C:\Windows\System32\wbem\krnlprov.dll
2025-04-28 16:41:09,5857,CIMWin32,0x0,6708,%systemroot%\system32\wbem\cimwin32.dll
2025-04-28 16:41:09,5857,CIMWin32a,0x0,6708,%systemroot%\system32\wbem\wmipcima.dll
2025-04-28 16:53:36,5857,CIMWin32,0x0,8308,%systemroot%\system32\wbem\cimwin32.dll
2025-04-28 17:00:11,5857,CIMWin32,0x0,8308,%systemroot%\system32\wbem\cimwin32.dll
2025-04-28 17:04:51,5857,CIMWin32,0x0,8308,%systemroot%\system32\wbem\cimwin32.dll
2025-04-28 17:06:24,5857,CIMWin32,0x0,6836,%systemroot%\system32\wbem\cimwin32.dll
2025-04-28 17:09:17,5857,CIMWin32,0x0,9364,%systemroot%\system32\wbem\cimwin32.dll
2025-04-28 17:10:23,5857,CIMWin32,0x0,9364,%systemroot%\system32\wbem\cimwin32.dll
2025-04-28 17:14:26,5857,CIMWin32,0x0,11080,%systemroot%\system32\wbem\cimwin32.dll
2025-04-28 17:19:06,5857,CIMWin32,0x0,11080,%systemroot%\system32\wbem\cimwin32.dll
2025-04-28 17:24:46,5857,CIMWin32,0x0,11664,%systemroot%\system32\wbem\cimwin32.dll
2025-04-28 17:26:14,5857,CIMWin32,0x0,11664,%systemroot%\system32\wbem\cimwin32.dll
2025-04-28 17:30:36,5857,CIMWin32,0x0,10536,%systemroot%\system32\wbem\cimwin32.dll
2025-04-28 17:34:59,5857,UserProfileProvider,0x0,11044,%systemroot%\system32\profprov.dll
2025-04-28 17:34:59,5857,CIMWin32,0x0,11044,%systemroot%\system32\wbem\cimwin32.dll
2025-04-28 17:36:24,5857,WMIProv,0x0,11768,%systemroot%\system32\wbem\wmiprov.dll
2025-04-28 18:43:01,5857,CIMWin32,0x0,11532,%systemroot%\system32\wbem\cimwin32.dll
2025-04-28 18:43:01,5857,CIMWin32a,0x0,11532,%systemroot%\system32\wbem\wmipcima.dll
2025-04-28 18:56:18,5857,CIMWin32,0x0,11464,%systemroot%\system32\wbem\cimwin32.dll
2025-04-28 18:56:18,5857,CIMWin32a,0x0,11464,%systemroot%\system32\wbem\wmipcima.dll
2025-04-28 19:11:35,5857,CIMWin32,0x0,5580,%systemroot%\system32\wbem\cimwin32.dll
2025-04-28 19:15:24,5857,CIMWin32,0x0,12624,%systemroot%\system32\wbem\cimwin32.dll
2025-04-28 19:33:54,5857,CIMWin32,0x0,12764,%systemroot%\system32\wbem\cimwin32.dll
2025-04-28 19:33:54,5857,CIMWin32a,0x0,12764,%systemroot%\system32\wbem\wmipcima.dll
2025-04-28 20:12:45,5857,CIMWin32,0x0,12196,%systemroot%\system32\wbem\cimwin32.dll
2025-04-28 20:12:45,5857,CIMWin32a,0x0,12196,%systemroot%\system32\wbem\wmipcima.dll
2025-04-28 20:33:19,5857,CIMWin32,0x0,2968,%systemroot%\system32\wbem\cimwin32.dll
2025-04-28 20:33:20,5857,CIMWin32a,0x0,2968,%systemroot%\system32\wbem\wmipcima.dll
2025-04-28 20:46:42,5857,CIMWin32,0x0,3856,%systemroot%\system32\wbem\cimwin32.dll
2025-04-28 20:46:42,5857,CIMWin32a,0x0,3856,%systemroot%\system32\wbem\wmipcima.dll
2025-04-28 21:17:54,5857,CIMWin32,0x0,6252,%systemroot%\system32\wbem\cimwin32.dll
2025-04-28 21:17:54,5857,CIMWin32a,0x0,6252,%systemroot%\system32\wbem\wmipcima.dll
2025-04-28 21:19:58,5857,CIMWin32,0x0,4820,%systemroot%\system32\wbem\cimwin32.dll
2025-04-28 22:51:53,5857,CIMWin32,0x0,3832,%systemroot%\system32\wbem\cimwin32.dll
2025-04-29 13:29:34,5857,CIMWin32,0x0,12336,%systemroot%\system32\wbem\cimwin32.dll
2025-04-29 13:31:59,5857,CIMWin32,0x0,12336,%systemroot%\system32\wbem\cimwin32.dll
2025-04-29 13:32:02,5857,WmiPerfClass,0x0,8116,C:\Windows\System32\wbem\WmiPerfClass.dll
2025-04-29 13:32:03,5857,Win32_TpmProvider,0x0,12336,C:\Windows\System32\wbem\Win32_TPM.dll
2025-04-29 13:32:04,5857,Win32_DeviceGuard,0x0,12336,%SystemRoot%\System32\Win32_DeviceGuard.dll
2025-04-29 13:32:34,5857,CIMWin32a,0x0,12336,%systemroot%\system32\wbem\wmipcima.dll
2025-04-29 13:32:50,5857,Win32_WIN32_TERMINALSERVICE_Prov,0x0,12336,%SystemRoot%\system32\tscfgwmi.dll
2025-04-29 13:32:52,5857,StorageWMI,0x0,12336,%SystemRoot%\System32\storagewmi.dll
2025-04-29 13:42:40,5857,CIMWin32,0x0,9796,%systemroot%\system32\wbem\cimwin32.dll
2025-04-29 13:42:40,5857,CIMWin32a,0x0,9796,%systemroot%\system32\wbem\wmipcima.dll
2025-04-29 13:42:42,5857,UserProfileProvider,0x0,9796,%systemroot%\system32\profprov.dll
2025-04-29 13:42:43,5857,SppProvider,0x0,9796,%SystemRoot%\System32\sppwmi.dll
2025-04-29 13:53:23,5857,CIMWin32,0x0,12864,%systemroot%\system32\wbem\cimwin32.dll
2025-04-29 13:53:23,5857,CIMWin32a,0x0,12864,%systemroot%\system32\wbem\wmipcima.dll
2025-04-29 14:07:56,5857,WMIProv,0x0,12144,%systemroot%\system32\wbem\wmiprov.dll
2025-04-29 14:08:13,5857,CIMWin32,0x0,3196,%systemroot%\system32\wbem\cimwin32.dll
2025-04-29 14:58:29,5857,CIMWin32,0x0,12968,%systemroot%\system32\wbem\cimwin32.dll
2025-04-29 14:58:29,5857,CIMWin32a,0x0,12968,%systemroot%\system32\wbem\wmipcima.dll
2025-04-29 16:53:40,5857,CIMWin32,0x0,10388,%systemroot%\system32\wbem\cimwin32.dll
2025-04-29 16:53:46,5857,WhqlProvider,0x0,10388,%systemroot%\system32\signdrv.dll
2025-04-29 16:53:48,5857,InvProv,0x0,7688,C:\Windows\System32\invagent.dll
2025-04-29 16:55:33,5857,SystemRestoreProv,0x0,13020,%SystemRoot%\system32\srwmi.dll
2025-04-29 17:42:33,5857,CIMWin32,0x0,6300,%systemroot%\system32\wbem\cimwin32.dll
2025-04-29 17:43:24,5857,CIMWin32a,0x0,6300,%systemroot%\system32\wbem\wmipcima.dll
2025-04-29 17:44:39,5857,UserProfileProvider,0x0,4208,%systemroot%\system32\profprov.dll
2025-04-29 17:44:44,5857,CIMWin32,0x0,4208,%systemroot%\system32\wbem\cimwin32.dll
2025-04-29 17:45:44,5857,WMIProv,0x0,11808,%systemroot%\system32\wbem\wmiprov.dll
2025-04-29 17:45:51,5857,UserProfileProvider,0x0,4208,%systemroot%\system32\profprov.dll
2025-04-29 17:46:50,5857,CIMWin32,0x0,4208,%systemroot%\system32\wbem\cimwin32.dll
2025-04-30 05:46:01,5857,CIMWin32,0x0,12504,%systemroot%\system32\wbem\cimwin32.dll
2025-04-30 05:46:24,5857,SppProvider,0x0,12504,%SystemRoot%\System32\sppwmi.dll
2025-04-30 05:47:05,5857,StorageWMI,0x0,12504,%SystemRoot%\System32\storagewmi.dll
2025-04-30 05:48:30,5857,WmiPerfClass,0x0,4384,C:\Windows\System32\wbem\WmiPerfClass.dll
2025-04-30 05:48:32,5857,Win32_TpmProvider,0x0,12504,C:\Windows\System32\wbem\Win32_TPM.dll
2025-04-30 05:48:34,5857,Win32_DeviceGuard,0x0,12504,%SystemRoot%\System32\Win32_DeviceGuard.dll
2025-04-30 05:48:57,5857,CIMWin32,0x0,12504,%systemroot%\system32\wbem\cimwin32.dll
2025-04-30 05:50:09,5857,CIMWin32,0x0,12504,%systemroot%\system32\wbem\cimwin32.dll
2025-04-30 05:50:14,5857,StorageWMI,0x0,12504,%SystemRoot%\System32\storagewmi.dll
2025-04-30 05:50:20,5857,Win32_WIN32_TERMINALSERVICE_Prov,0x0,12504,%SystemRoot%\system32\tscfgwmi.dll
2025-04-30 06:01:01,5857,CIMWin32,0x0,12372,%systemroot%\system32\wbem\cimwin32.dll
2025-04-30 06:02:49,5857,UserProfileProvider,0x0,12372,%systemroot%\system32\profprov.dll
2025-04-30 06:04:28,5857,WMIProv,0x0,4384,%systemroot%\system32\wbem\wmiprov.dll
2025-04-30 18:08:42,5857,CIMWin32,0x0,11324,%systemroot%\system32\wbem\cimwin32.dll
2025-04-30 18:11:06,5857,CIMWin32,0x0,13016,%systemroot%\system32\wbem\cimwin32.dll
2025-04-30 18:52:50,5857,CIMWin32,0x0,3484,%systemroot%\system32\wbem\cimwin32.dll
2025-04-30 18:53:01,5857,CIMWin32a,0x0,3484,%systemroot%\system32\wbem\wmipcima.dll
2025-04-30 18:54:57,5857,CIMWin32,0x0,5804,%systemroot%\system32\wbem\cimwin32.dll
2025-04-30 18:56:24,5857,WMIProv,0x0,10808,%systemroot%\system32\wbem\wmiprov.dll
2025-04-30 18:58:26,5857,CIMWin32,0x0,3084,%systemroot%\system32\wbem\cimwin32.dll
2025-04-30 18:59:08,5857,SppProvider,0x0,3084,%SystemRoot%\System32\sppwmi.dll
2025-04-30 19:05:48,5857,CIMWin32,0x0,9792,%systemroot%\system32\wbem\cimwin32.dll
2025-05-02 19:02:07,5857,CIMWin32,0x0,7344,%systemroot%\system32\wbem\cimwin32.dll
2025-05-02 19:02:53,5857,SppProvider,0x0,7344,%SystemRoot%\System32\sppwmi.dll
2025-05-02 19:02:58,5857,WhqlProvider,0x0,7344,%systemroot%\system32\signdrv.dll
2025-05-02 19:02:59,5857,InvProv,0x0,8320,C:\Windows\System32\invagent.dll
2025-05-02 19:03:46,5857,WmiPerfClass,0x0,8320,C:\Windows\System32\wbem\WmiPerfClass.dll
2025-05-02 19:04:45,5857,Win32_TpmProvider,0x0,7344,C:\Windows\System32\wbem\Win32_TPM.dll
2025-05-02 19:04:58,5857,Win32_DeviceGuard,0x0,7344,%SystemRoot%\System32\Win32_DeviceGuard.dll
2025-05-02 19:05:28,5857,CIMWin32,0x0,7344,%systemroot%\system32\wbem\cimwin32.dll
2025-05-02 19:06:04,5857,Win32_DeviceGuard,0x0,7344,%SystemRoot%\System32\Win32_DeviceGuard.dll
2025-05-02 19:06:54,5857,CIMWin32,0x0,7344,%systemroot%\system32\wbem\cimwin32.dll
2025-05-02 19:10:01,5857,Win32_DeviceGuard,0x0,5080,%SystemRoot%\System32\Win32_DeviceGuard.dll
2025-05-02 19:16:15,5857,WMIProv,0x0,8320,%systemroot%\system32\wbem\wmiprov.dll
2025-05-02 19:42:39,5857,CIMWin32,0x0,7276,%systemroot%\system32\wbem\cimwin32.dll
2025-05-02 19:42:40,5857,CIMWin32a,0x0,7276,%systemroot%\system32\wbem\wmipcima.dll
2025-05-02 19:44:38,5857,CIMWin32,0x0,16460,%systemroot%\system32\wbem\cimwin32.dll
2025-05-02 19:56:00,5857,CIMWin32,0x0,10000,%systemroot%\system32\wbem\cimwin32.dll
2025-05-02 19:56:00,5857,CIMWin32a,0x0,10000,%systemroot%\system32\wbem\wmipcima.dll
2025-05-02 20:09:44,5857,CIMWin32,0x0,17516,%systemroot%\system32\wbem\cimwin32.dll
2025-05-02 20:21:38,5857,CIMWin32,0x0,10808,%systemroot%\system32\wbem\cimwin32.dll
2025-05-02 20:40:02,5857,CIMWin32,0x0,3516,%systemroot%\system32\wbem\cimwin32.dll
2025-05-02 20:40:02,5857,Win32_WIN32_TERMINALSERVICE_Prov,0x0,3516,%SystemRoot%\system32\tscfgwmi.dll
2025-05-02 20:40:17,5857,RegProv,0x0,16144,%systemroot%\system32\wbem\stdprov.dll
2025-05-02 21:06:25,5857,CIMWin32,0x0,12492,%systemroot%\system32\wbem\cimwin32.dll
2025-05-02 21:06:25,5857,CIMWin32a,0x0,12492,%systemroot%\system32\wbem\wmipcima.dll
2025-05-02 21:54:46,5857,CIMWin32,0x0,8020,%systemroot%\system32\wbem\cimwin32.dll
2025-05-02 21:55:58,5857,CIMWin32,0x0,8020,%systemroot%\system32\wbem\cimwin32.dll
2025-05-02 21:56:03,5857,UserProfileProvider,0x0,8020,%systemroot%\system32\profprov.dll
2025-05-02 21:57:40,5857,CIMWin32,0x0,8152,%systemroot%\system32\wbem\cimwin32.dll
2025-05-02 22:32:15,5857,CIMWin32,0x0,8316,%systemroot%\system32\wbem\cimwin32.dll
2025-05-02 22:32:27,5857,Win32_WIN32_TERMINALSERVICE_Prov,0x0,8316,%SystemRoot%\system32\tscfgwmi.dll
2025-05-02 22:33:55,5857,CIMWin32,0x0,18344,%systemroot%\system32\wbem\cimwin32.dll
2025-05-02 22:41:39,5857,StorageWMI,0x0,3904,%SystemRoot%\System32\storagewmi.dll
2025-05-02 22:55:00,5857,CIMWin32,0x0,3556,%systemroot%\system32\wbem\cimwin32.dll
2025-05-02 23:56:32,5857,CIMWin32,0x0,10672,%systemroot%\system32\wbem\cimwin32.dll
2025-05-02 23:57:45,5857,WMIProv,0x0,13352,%systemroot%\system32\wbem\wmiprov.dll
2025-05-03 16:17:14,5857,CIMWin32,0x0,5264,%systemroot%\system32\wbem\cimwin32.dll
2025-05-03 16:19:53,5857,CIMWin32,0x0,17652,%systemroot%\system32\wbem\cimwin32.dll
2025-05-03 16:19:53,5857,WmiPerfClass,0x0,9996,C:\Windows\System32\wbem\WmiPerfClass.dll
2025-05-03 16:19:55,5857,Win32_TpmProvider,0x0,17652,C:\Windows\System32\wbem\Win32_TPM.dll
2025-05-03 16:19:57,5857,Win32_DeviceGuard,0x0,17652,%SystemRoot%\System32\Win32_DeviceGuard.dll
2025-05-03 16:20:11,5857,SppProvider,0x0,17652,%SystemRoot%\System32\sppwmi.dll
2025-05-03 16:21:49,5857,CIMWin32,0x0,17652,%systemroot%\system32\wbem\cimwin32.dll
2025-05-03 16:22:17,5857,Win32_WIN32_TERMINALSERVICE_Prov,0x0,17652,%SystemRoot%\system32\tscfgwmi.dll
2025-05-03 16:22:21,5857,StorageWMI,0x0,17652,%SystemRoot%\System32\storagewmi.dll
2025-05-03 16:24:20,5857,CIMWin32,0x0,15552,%systemroot%\system32\wbem\cimwin32.dll
2025-05-03 16:24:21,5857,WMI Kernel Trace Event Provider,0x0,3424,C:\Windows\System32\wbem\krnlprov.dll
2025-05-03 16:27:51,5857,UserProfileProvider,0x0,7568,%systemroot%\system32\profprov.dll
2025-05-03 17:06:48,5857,CIMWin32,0x0,17292,%systemroot%\system32\wbem\cimwin32.dll
2025-05-03 17:10:25,5857,CIMWin32a,0x0,17292,%systemroot%\system32\wbem\wmipcima.dll
2025-05-05 14:34:46,5857,CIMWin32,0x0,5916,%systemroot%\system32\wbem\cimwin32.dll
2025-05-05 14:35:03,5857,SppProvider,0x0,5916,%SystemRoot%\System32\sppwmi.dll
2025-05-05 14:35:05,5857,WhqlProvider,0x0,5916,%systemroot%\system32\signdrv.dll
2025-05-05 14:35:07,5857,InvProv,0x0,14580,C:\Windows\System32\invagent.dll
2025-05-05 14:36:13,5857,SystemRestoreProv,0x0,5916,%SystemRoot%\system32\srwmi.dll
2025-05-05 14:36:25,5857,CIMWin32,0x0,5916,%systemroot%\system32\wbem\cimwin32.dll
2025-05-05 14:37:41,5857,WmiPerfClass,0x0,7532,C:\Windows\System32\wbem\WmiPerfClass.dll
2025-05-05 14:38:21,5857,Win32_TpmProvider,0x0,5916,C:\Windows\System32\wbem\Win32_TPM.dll
2025-05-05 14:38:22,5857,Win32_DeviceGuard,0x0,5916,%SystemRoot%\System32\Win32_DeviceGuard.dll
2025-05-05 14:38:24,5857,CIMWin32,0x0,5916,%systemroot%\system32\wbem\cimwin32.dll
2025-05-05 14:43:03,5857,CIMWin32,0x0,9596,%systemroot%\system32\wbem\cimwin32.dll
2025-05-05 14:48:03,5857,SppProvider,0x0,9596,%SystemRoot%\System32\sppwmi.dll
2025-05-05 14:58:45,5857,CIMWin32,0x0,17528,%systemroot%\system32\wbem\cimwin32.dll
2025-05-05 15:00:04,5857,CIMWin32,0x0,17528,%systemroot%\system32\wbem\cimwin32.dll
2025-05-05 15:06:33,5857,CIMWin32,0x0,14592,%systemroot%\system32\wbem\cimwin32.dll
2025-05-05 15:06:35,5857,StorageWMI,0x0,14592,%SystemRoot%\System32\storagewmi.dll
2025-05-05 15:06:42,5857,Win32_WIN32_TERMINALSERVICE_Prov,0x0,14592,%SystemRoot%\system32\tscfgwmi.dll
2025-05-05 15:32:48,5857,CIMWin32,0x0,2540,%systemroot%\system32\wbem\cimwin32.dll
2025-05-05 15:32:49,5857,CIMWin32a,0x0,2540,%systemroot%\system32\wbem\wmipcima.dll
2025-05-05 15:39:26,5857,CIMWin32,0x0,18180,%systemroot%\system32\wbem\cimwin32.dll
2025-05-05 15:57:53,5857,CIMWin32,0x0,13664,%systemroot%\system32\wbem\cimwin32.dll
2025-05-05 15:57:53,5857,CIMWin32a,0x0,13664,%systemroot%\system32\wbem\wmipcima.dll
2025-05-05 16:33:06,5857,CIMWin32,0x0,10728,%systemroot%\system32\wbem\cimwin32.dll
2025-05-05 16:33:06,5857,CIMWin32a,0x0,10728,%systemroot%\system32\wbem\wmipcima.dll
2025-05-05 17:12:06,5857,CIMWin32,0x0,16744,%systemroot%\system32\wbem\cimwin32.dll
2025-05-05 17:12:06,5857,CIMWin32a,0x0,16744,%systemroot%\system32\wbem\wmipcima.dll
2025-05-05 17:33:19,5857,CIMWin32,0x0,5232,%systemroot%\system32\wbem\cimwin32.dll
2025-05-05 17:33:20,5857,CIMWin32a,0x0,5232,%systemroot%\system32\wbem\wmipcima.dll
2025-05-05 17:53:32,5857,CIMWin32,0x0,17396,%systemroot%\system32\wbem\cimwin32.dll
2025-05-05 17:53:32,5857,CIMWin32a,0x0,17396,%systemroot%\system32\wbem\wmipcima.dll
2025-05-05 18:24:03,5857,CIMWin32,0x0,13112,%systemroot%\system32\wbem\cimwin32.dll
2025-05-05 18:24:03,5857,CIMWin32a,0x0,13112,%systemroot%\system32\wbem\wmipcima.dll
2025-05-05 18:33:54,5857,CIMWin32,0x0,1928,%systemroot%\system32\wbem\cimwin32.dll
2025-05-05 18:37:24,5857,UserProfileProvider,0x0,20828,%systemroot%\system32\profprov.dll
2025-05-05 18:37:52,5857,CIMWin32,0x0,20828,%systemroot%\system32\wbem\cimwin32.dll
2025-05-05 19:19:43,5857,CIMWin32,0x0,21780,%systemroot%\system32\wbem\cimwin32.dll
2025-05-05 19:19:43,5857,CIMWin32a,0x0,21780,%systemroot%\system32\wbem\wmipcima.dll
2025-05-05 19:23:42,5857,CIMWin32,0x0,5500,%systemroot%\system32\wbem\cimwin32.dll
2025-05-05 19:26:32,5857,WMIProv,0x0,15788,%systemroot%\system32\wbem\wmiprov.dll
2025-05-05 19:34:35,5857,CIMWin32,0x0,13180,%systemroot%\system32\wbem\cimwin32.dll
2025-05-05 19:40:47,5857,CIMWin32,0x0,6296,%systemroot%\system32\wbem\cimwin32.dll
2025-05-05 19:42:47,5857,CIMWin32a,0x0,6296,%systemroot%\system32\wbem\wmipcima.dll
2025-05-05 19:43:07,5857,UserProfileProvider,0x0,6296,%systemroot%\system32\profprov.dll
2025-05-05 19:44:28,5857,WMIProv,0x0,7156,%systemroot%\system32\wbem\wmiprov.dll
2025-05-05 21:30:53,5857,CIMWin32,0x0,1964,%systemroot%\system32\wbem\cimwin32.dll
2025-05-05 21:30:54,5857,CIMWin32a,0x0,1964,%systemroot%\system32\wbem\wmipcima.dll
2025-05-05 22:00:08,5857,CIMWin32,0x0,4008,%systemroot%\system32\wbem\cimwin32.dll
2025-05-05 22:00:09,5857,CIMWin32a,0x0,4008,%systemroot%\system32\wbem\wmipcima.dll
2025-05-06 06:40:11,5857,CIMWin32,0x0,2792,%systemroot%\system32\wbem\cimwin32.dll
2025-05-06 06:41:31,5857,CIMWin32,0x0,2792,%systemroot%\system32\wbem\cimwin32.dll
2025-05-06 06:41:33,5857,WmiPerfClass,0x0,3124,C:\Windows\System32\wbem\WmiPerfClass.dll
2025-05-06 06:41:33,5857,Win32_TpmProvider,0x0,2792,C:\Windows\System32\wbem\Win32_TPM.dll
2025-05-06 06:41:38,5857,Win32_DeviceGuard,0x0,2792,%SystemRoot%\System32\Win32_DeviceGuard.dll
2025-05-06 06:41:40,5857,SppProvider,0x0,2792,%SystemRoot%\System32\sppwmi.dll
2025-05-06 06:43:21,5857,CIMWin32,0x0,2792,%systemroot%\system32\wbem\cimwin32.dll
2025-05-06 06:43:35,5857,Win32_WIN32_TERMINALSERVICE_Prov,0x0,2792,%SystemRoot%\system32\tscfgwmi.dll
2025-05-06 06:43:42,5857,StorageWMI,0x0,2792,%SystemRoot%\System32\storagewmi.dll
2025-05-06 06:56:13,5857,UserProfileProvider,0x0,5224,%systemroot%\system32\profprov.dll
2025-05-06 06:57:46,5857,WMIProv,0x0,3124,%systemroot%\system32\wbem\wmiprov.dll
2025-05-06 07:16:04,5857,CIMWin32,0x0,9344,%systemroot%\system32\wbem\cimwin32.dll
2025-05-06 07:16:04,5857,CIMWin32a,0x0,9344,%systemroot%\system32\wbem\wmipcima.dll
2025-05-06 07:32:07,5857,CIMWin32,0x0,2580,%systemroot%\system32\wbem\cimwin32.dll
2025-05-06 07:32:08,5857,CIMWin32a,0x0,2580,%systemroot%\system32\wbem\wmipcima.dll
2025-05-06 07:51:00,5857,CIMWin32,0x0,10296,%systemroot%\system32\wbem\cimwin32.dll
2025-05-06 07:51:00,5857,CIMWin32a,0x0,10296,%systemroot%\system32\wbem\wmipcima.dll
2025-05-06 10:37:54,5857,CIMWin32,0x0,8524,%systemroot%\system32\wbem\cimwin32.dll
2025-05-06 10:37:54,5857,CIMWin32a,0x0,8524,%systemroot%\system32\wbem\wmipcima.dll
2025-05-06 10:39:51,5857,CIMWin32,0x0,10776,%systemroot%\system32\wbem\cimwin32.dll
2025-05-06 10:42:23,5857,CIMWin32,0x0,11748,%systemroot%\system32\wbem\cimwin32.dll
2025-05-06 10:44:02,5857,CIMWin32,0x0,9716,%systemroot%\system32\wbem\cimwin32.dll
2025-05-06 10:46:28,5857,CIMWin32,0x0,11816,%systemroot%\system32\wbem\cimwin32.dll
2025-05-06 10:53:00,5857,CIMWin32,0x0,10308,%systemroot%\system32\wbem\cimwin32.dll
2025-05-06 10:53:00,5857,CIMWin32a,0x0,10308,%systemroot%\system32\wbem\wmipcima.dll
2025-05-06 11:42:46,5857,CIMWin32,0x0,10076,%systemroot%\system32\wbem\cimwin32.dll
2025-05-06 11:42:47,5857,CIMWin32a,0x0,10076,%systemroot%\system32\wbem\wmipcima.dll
2025-05-06 13:21:56,5857,CIMWin32,0x0,12264,%systemroot%\system32\wbem\cimwin32.dll
2025-05-06 13:39:00,5857,CIMWin32,0x0,8288,%systemroot%\system32\wbem\cimwin32.dll
2025-05-06 13:39:01,5857,CIMWin32a,0x0,8288,%systemroot%\system32\wbem\wmipcima.dll
2025-05-06 13:40:29,5857,CIMWin32,0x0,8288,%systemroot%\system32\wbem\cimwin32.dll
2025-05-06 13:55:01,5857,CIMWin32,0x0,11340,%systemroot%\system32\wbem\cimwin32.dll
2025-05-06 13:55:01,5857,CIMWin32a,0x0,11340,%systemroot%\system32\wbem\wmipcima.dll
2025-05-06 14:32:26,5857,CIMWin32,0x0,3400,%systemroot%\system32\wbem\cimwin32.dll
2025-05-06 14:32:26,5857,CIMWin32a,0x0,3400,%systemroot%\system32\wbem\wmipcima.dll
2025-05-06 14:39:18,5857,CIMWin32,0x0,3932,%systemroot%\system32\wbem\cimwin32.dll
2025-05-06 15:01:07,5857,CIMWin32,0x0,9064,%systemroot%\system32\wbem\cimwin32.dll
2025-05-06 15:08:25,5857,CIMWin32,0x0,8428,%systemroot%\system32\wbem\cimwin32.dll
2025-05-06 15:26:01,5857,CIMWin32,0x0,7604,%systemroot%\system32\wbem\cimwin32.dll
2025-05-06 15:26:01,5857,CIMWin32a,0x0,7604,%systemroot%\system32\wbem\wmipcima.dll
2025-05-06 15:39:33,5857,CIMWin32,0x0,8368,%systemroot%\system32\wbem\cimwin32.dll
2025-05-06 15:39:34,5857,CIMWin32a,0x0,8368,%systemroot%\system32\wbem\wmipcima.dll
2025-05-06 19:12:30,5857,CIMWin32,0x0,9528,%systemroot%\system32\wbem\cimwin32.dll
2025-05-06 19:44:09,5857,CIMWin32,0x0,6172,%systemroot%\system32\wbem\cimwin32.dll
2025-05-06 19:44:10,5857,CIMWin32a,0x0,6172,%systemroot%\system32\wbem\wmipcima.dll
2025-05-06 19:59:04,5857,CIMWin32,0x0,4712,%systemroot%\system32\wbem\cimwin32.dll
2025-05-06 19:59:04,5857,CIMWin32a,0x0,4712,%systemroot%\system32\wbem\wmipcima.dll
2025-05-06 20:02:18,5857,CIMWin32,0x0,12036,%systemroot%\system32\wbem\cimwin32.dll
2025-05-06 20:44:27,5857,CIMWin32,0x0,2280,%systemroot%\system32\wbem\cimwin32.dll
2025-05-06 20:44:28,5857,CIMWin32a,0x0,2280,%systemroot%\system32\wbem\wmipcima.dll
2025-05-06 20:53:04,5857,CIMWin32,0x0,920,%systemroot%\system32\wbem\cimwin32.dll
2025-05-06 21:19:23,5857,CIMWin32,0x0,10508,%systemroot%\system32\wbem\cimwin32.dll
2025-05-06 21:19:23,5857,CIMWin32a,0x0,10508,%systemroot%\system32\wbem\wmipcima.dll
2025-05-06 21:22:24,5857,CIMWin32,0x0,11928,%systemroot%\system32\wbem\cimwin32.dll
2025-05-06 21:44:39,5857,CIMWin32,0x0,11700,%systemroot%\system32\wbem\cimwin32.dll
2025-05-06 21:44:40,5857,CIMWin32a,0x0,11700,%systemroot%\system32\wbem\wmipcima.dll
2025-05-07 12:03:16,5857,CIMWin32,0x0,5088,%systemroot%\system32\wbem\cimwin32.dll
2025-05-07 12:05:44,5857,WmiPerfClass,0x0,10060,C:\Windows\System32\wbem\WmiPerfClass.dll
2025-05-07 12:05:45,5857,CIMWin32,0x0,1972,%systemroot%\system32\wbem\cimwin32.dll
2025-05-07 12:05:45,5857,Win32_TpmProvider,0x0,1972,C:\Windows\System32\wbem\Win32_TPM.dll
2025-05-07 12:05:46,5857,Win32_DeviceGuard,0x0,1972,%SystemRoot%\System32\Win32_DeviceGuard.dll
2025-05-07 12:05:53,5857,SppProvider,0x0,1972,%SystemRoot%\System32\sppwmi.dll
2025-05-07 12:06:00,5857,WhqlProvider,0x0,1972,%systemroot%\system32\signdrv.dll
2025-05-07 12:06:01,5857,InvProv,0x0,10060,C:\Windows\System32\invagent.dll
2025-05-07 12:07:27,5857,CIMWin32,0x0,1972,%systemroot%\system32\wbem\cimwin32.dll
2025-05-07 12:07:29,5857,StorageWMI,0x0,1972,%SystemRoot%\System32\storagewmi.dll
2025-05-07 12:07:36,5857,Win32_WIN32_TERMINALSERVICE_Prov,0x0,1972,%SystemRoot%\system32\tscfgwmi.dll
2025-05-07 12:13:43,5857,UserProfileProvider,0x0,8300,%systemroot%\system32\profprov.dll
2025-05-07 12:14:54,5857,WMIProv,0x0,10060,%systemroot%\system32\wbem\wmiprov.dll
2025-05-07 18:43:57,5857,CIMWin32,0x0,3060,%systemroot%\system32\wbem\cimwin32.dll
2025-05-07 18:43:57,5857,CIMWin32a,0x0,3060,%systemroot%\system32\wbem\wmipcima.dll
2025-05-07 18:51:42,5857,CIMWin32,0x0,12656,%systemroot%\system32\wbem\cimwin32.dll
2025-05-07 19:04:52,5857,CIMWin32,0x0,10336,%systemroot%\system32\wbem\cimwin32.dll
2025-05-07 19:04:52,5857,CIMWin32a,0x0,10336,%systemroot%\system32\wbem\wmipcima.dll
2025-05-07 19:39:17,5857,CIMWin32,0x0,7792,%systemroot%\system32\wbem\cimwin32.dll
2025-05-07 19:39:17,5857,CIMWin32a,0x0,7792,%systemroot%\system32\wbem\wmipcima.dll
2025-05-07 20:05:09,5857,CIMWin32,0x0,4352,%systemroot%\system32\wbem\cimwin32.dll
2025-05-07 20:05:10,5857,CIMWin32a,0x0,4352,%systemroot%\system32\wbem\wmipcima.dll
