TimeGenerated,EventID,NameSpace,Query,User,ProcessID,ClientMachine
2025-04-24 20:12:16,5860,root\cimv2,SELECT ProcessID FROM Win32_ProcessTrace WHERE __CLASS = 'Win32_ProcessStartTrace' OR __CLASS = 'Win32_ProcessStopTrace',DESKTOP-R2L8SME\playerone,4228,DESKTOP-R2L8SME
2025-04-25 12:00:10,5860,ROOT\subscription,SELECT TargetInstance FROM __InstanceCreationEvent WITHIN 60 WHERE TargetInstance ISA '__FilterToConsumerBinding',NT AUTHORITY\SYSTEM,5540,DESKTOP-R2L8SME
2025-04-25 12:00:10,5860,ROOT\subscription,"SELECT TargetInstance, PreviousInstance FROM __InstanceModificationEvent WITHIN 60 WHERE TargetInstance ISA '__EventConsumer'",NT AUTHORITY\SYSTEM,5540,DESKTOP-R2L8SME
2025-04-28 15:41:32,5860,ROOT\subscription,SELECT TargetInstance FROM __InstanceCreationEvent WITHIN 60 WHERE TargetInstance ISA '__FilterToConsumerBinding',NT AUTHORITY\SYSTEM,5540,DESKTOP-R2L8SME
2025-04-28 15:41:32,5860,ROOT\subscription,"SELECT TargetInstance, PreviousInstance FROM __InstanceModificationEvent WITHIN 60 WHERE TargetInstance ISA '__EventConsumer'",NT AUTHORITY\SYSTEM,5540,DESKTOP-R2L8SME
2025-04-28 15:53:36,5860,ROOT\SecurityCenter,SELECT * FROM __InstanceOperationEvent WHERE TargetInstance ISA 'AntiVirusProduct' OR TargetInstance ISA 'FirewallProduct' OR TargetInstance ISA 'AntiSpywareProduct',NT AUTHORITY\LOCAL SERVICE,5480,R4T0R
2025-04-28 15:53:53,5860,ROOT\subscription,SELECT TargetInstance FROM __InstanceCreationEvent WITHIN 60 WHERE TargetInstance ISA '__FilterToConsumerBinding',NT AUTHORITY\SYSTEM,7376,R4T0R
2025-04-28 15:53:53,5860,ROOT\subscription,"SELECT TargetInstance, PreviousInstance FROM __InstanceModificationEvent WITHIN 60 WHERE TargetInstance ISA '__EventConsumer'",NT AUTHORITY\SYSTEM,7376,R4T0R
2025-04-28 16:23:33,5860,root\cimv2,SELECT ProcessID FROM Win32_ProcessTrace WHERE __CLASS = 'Win32_ProcessStartTrace' OR __CLASS = 'Win32_ProcessStopTrace',R4T0R\playerone,11492,R4T0R
2025-04-29 13:30:14,5860,ROOT\subscription,SELECT TargetInstance FROM __InstanceCreationEvent WITHIN 60 WHERE TargetInstance ISA '__FilterToConsumerBinding',NT AUTHORITY\SYSTEM,7376,R4T0R
2025-04-29 13:30:14,5860,ROOT\subscription,"SELECT TargetInstance, PreviousInstance FROM __InstanceModificationEvent WITHIN 60 WHERE TargetInstance ISA '__EventConsumer'",NT AUTHORITY\SYSTEM,7376,R4T0R
2025-04-29 17:41:48,5860,ROOT\SecurityCenter,SELECT * FROM __InstanceOperationEvent WHERE TargetInstance ISA 'AntiVirusProduct' OR TargetInstance ISA 'FirewallProduct' OR TargetInstance ISA 'AntiSpywareProduct',NT AUTHORITY\LOCAL SERVICE,4148,R4T0R
2025-04-29 17:42:30,5860,ROOT\subscription,SELECT TargetInstance FROM __InstanceCreationEvent WITHIN 60 WHERE TargetInstance ISA '__FilterToConsumerBinding',NT AUTHORITY\SYSTEM,3132,R4T0R
2025-04-29 17:42:30,5860,ROOT\subscription,"SELECT TargetInstance, PreviousInstance FROM __InstanceModificationEvent WITHIN 60 WHERE TargetInstance ISA '__EventConsumer'",NT AUTHORITY\SYSTEM,3132,R4T0R
2025-04-30 05:46:33,5860,ROOT\subscription,SELECT TargetInstance FROM __InstanceCreationEvent WITHIN 60 WHERE TargetInstance ISA '__FilterToConsumerBinding',NT AUTHORITY\SYSTEM,3132,R4T0R
2025-04-30 05:46:33,5860,ROOT\subscription,"SELECT TargetInstance, PreviousInstance FROM __InstanceModificationEvent WITHIN 60 WHERE TargetInstance ISA '__EventConsumer'",NT AUTHORITY\SYSTEM,3132,R4T0R
2025-04-30 18:52:44,5860,ROOT\SecurityCenter,SELECT * FROM __InstanceOperationEvent WHERE TargetInstance ISA 'AntiVirusProduct' OR TargetInstance ISA 'FirewallProduct' OR TargetInstance ISA 'AntiSpywareProduct',NT AUTHORITY\LOCAL SERVICE,5736,R4T0R
2025-04-30 18:52:44,5860,ROOT\subscription,SELECT TargetInstance FROM __InstanceCreationEvent WITHIN 60 WHERE TargetInstance ISA '__FilterToConsumerBinding',NT AUTHORITY\SYSTEM,5796,R4T0R
2025-04-30 18:52:44,5860,ROOT\subscription,"SELECT TargetInstance, PreviousInstance FROM __InstanceModificationEvent WITHIN 60 WHERE TargetInstance ISA '__EventConsumer'",NT AUTHORITY\SYSTEM,5796,R4T0R
2025-05-03 16:24:21,5860,root\cimv2,SELECT ProcessID FROM Win32_ProcessTrace WHERE __CLASS = 'Win32_ProcessStartTrace' OR __CLASS = 'Win32_ProcessStopTrace',R4T0R\playerone,17460,R4T0R
2025-05-05 19:40:44,5860,ROOT\SecurityCenter,SELECT * FROM __InstanceOperationEvent WHERE TargetInstance ISA 'AntiVirusProduct' OR TargetInstance ISA 'FirewallProduct' OR TargetInstance ISA 'AntiSpywareProduct',NT AUTHORITY\LOCAL SERVICE,5604,R4T0R
2025-05-05 19:40:52,5860,ROOT\subscription,SELECT TargetInstance FROM __InstanceCreationEvent WITHIN 60 WHERE TargetInstance ISA '__FilterToConsumerBinding',NT AUTHORITY\SYSTEM,1828,R4T0R
2025-05-05 19:40:52,5860,ROOT\subscription,"SELECT TargetInstance, PreviousInstance FROM __InstanceModificationEvent WITHIN 60 WHERE TargetInstance ISA '__EventConsumer'",NT AUTHORITY\SYSTEM,1828,R4T0R
2025-05-06 06:40:11,5860,ROOT\subscription,SELECT TargetInstance FROM __InstanceCreationEvent WITHIN 60 WHERE TargetInstance ISA '__FilterToConsumerBinding',NT AUTHORITY\SYSTEM,1828,R4T0R
2025-05-06 06:40:11,5860,ROOT\subscription,"SELECT TargetInstance, PreviousInstance FROM __InstanceModificationEvent WITHIN 60 WHERE TargetInstance ISA '__EventConsumer'",NT AUTHORITY\SYSTEM,1828,R4T0R
2025-05-07 12:03:49,5860,ROOT\subscription,SELECT TargetInstance FROM __InstanceCreationEvent WITHIN 60 WHERE TargetInstance ISA '__FilterToConsumerBinding',NT AUTHORITY\SYSTEM,1828,R4T0R
2025-05-07 12:03:49,5860,ROOT\subscription,"SELECT TargetInstance, PreviousInstance FROM __InstanceModificationEvent WITHIN 60 WHERE TargetInstance ISA '__EventConsumer'",NT AUTHORITY\SYSTEM,1828,R4T0R
