TimeGenerated,EventID,User,SessionID
2025-04-09 10:57:00,41,DESKTOP-R2L8SME\playerone,1
2025-04-10 00:06:36,41,DESKTOP-R2L8SME\playerone,1
2025-04-24 19:48:17,41,DESKTOP-R2L8SME\playerone,1
2025-04-28 15:47:59,41,DESKTOP-R2L8SME\playerone,2
2025-04-28 15:53:25,41,R4T0R\playerone,1
2025-04-29 17:43:33,41,R4T0R\playerone,1
2025-04-30 18:55:14,41,R4T0R\playerone,1
2025-05-05 17:15:16,41,STRAYERRAPTORS0\spatialthreat,2
2025-05-05 17:19:00,41,STRAYERRAPTORS0\AndyM,3
2025-05-05 17:30:56,41,STRAYERRAPTORS0\AndyM,4
2025-05-05 17:41:39,41,STRAYERRAPTORS0\AndyM,5
2025-05-05 17:52:31,41,STRAYERRAPTORS0\AndyM,6
2025-05-05 17:57:33,41,STRAYERRAPTORS0\AndyM,7
2025-05-05 17:59:19,41,STRAYERRAPTORS0\OrangeTeam1,8
2025-05-06 07:10:52,41,STRAYERRAPTORS0\AndyM,1
2025-05-06 10:31:20,41,STRAYERRAPTORS0\OrangeTeam1,2
2025-05-06 10:34:40,41,STRAYERRAPTORS0\OrangeTeam1,3
2025-05-06 15:06:11,41,STRAYERRAPTORS0\spatialthreat,4
2025-05-06 15:26:37,41,STRAYERRAPTORS0\OrangeTeam1,5
2025-05-06 20:02:02,41,STRAYERRAPTORS0\OrangeTeam1,6
2025-05-06 20:52:51,41,STRAYERRAPTORS0\OrangeTeam1,7
2025-05-07 18:41:33,41,STRAYERRAPTORS0\AndyM,8
