TimeGenerated,EventID,User,SessionID,SourceIP
2025-04-09 10:57:01,22,DESKTOP-R2L8SME\playerone,1,LOCAL
2025-04-10 00:06:42,22,DESKTOP-R2L8SME\playerone,1,LOCAL
2025-04-24 19:48:22,22,DESKTOP-R2L8SME\playerone,1,LOCAL
2025-04-28 15:48:00,22,DESKTOP-R2L8SME\playerone,2,LOCAL
2025-04-28 15:53:35,22,R4T0R\playerone,1,LOCAL
2025-04-29 17:43:36,22,R4T0R\playerone,1,LOCAL
2025-04-30 18:55:16,22,R4T0R\playerone,1,LOCAL
2025-05-05 17:15:22,22,STRAYERRAPTORS0\spatialthreat,2,LOCAL
2025-05-05 17:19:05,22,STRAYERRAPTORS0\AndyM,3,LOCAL
2025-05-05 17:30:57,22,STRAYERRAPTORS0\AndyM,4,LOCAL
2025-05-05 17:41:39,22,STRAYERRAPTORS0\AndyM,5,LOCAL
2025-05-05 17:52:31,22,STRAYERRAPTORS0\AndyM,6,LOCAL
2025-05-05 17:59:30,22,STRAYERRAPTORS0\OrangeTeam1,8,LOCAL
2025-05-06 07:10:53,22,STRAYERRAPTORS0\AndyM,1,LOCAL
2025-05-06 10:31:21,22,STRAYERRAPTORS0\OrangeTeam1,2,LOCAL
2025-05-06 10:34:41,22,STRAYERRAPTORS0\OrangeTeam1,3,LOCAL
2025-05-06 15:06:11,22,STRAYERRAPTORS0\spatialthreat,4,LOCAL
2025-05-06 15:26:38,22,STRAYERRAPTORS0\OrangeTeam1,5,LOCAL
2025-05-06 20:02:03,22,STRAYERRAPTORS0\OrangeTeam1,6,LOCAL
2025-05-06 20:52:52,22,STRAYERRAPTORS0\OrangeTeam1,7,LOCAL
2025-05-07 18:41:34,22,STRAYERRAPTORS0\AndyM,8,LOCAL
