TimeGenerated,EventID,Process,AppDomain
2025-05-06 07:40:40,53504,9644,DefaultAppDomain
2025-05-06 19:40:41,53504,3384,DefaultAppDomain
2025-05-07 12:02:51,53504,7440,DefaultAppDomain
2025-05-07 12:07:27,53504,4628,DefaultAppDomain
2025-05-07 12:07:32,53504,6948,DefaultAppDomain
2025-05-07 12:07:35,53504,11912,DefaultAppDomain
2025-05-07 12:07:36,53504,11740,DefaultAppDomain
2025-05-07 18:43:01,53504,7404,DefaultAppDomain
2025-05-07 18:51:42,53504,3412,DefaultAppDomain
2025-05-07 19:40:41,53504,3516,DefaultAppDomain
2025-05-07 20:05:18,53504,10356,DefaultAppDomain
