TimeGenerated,EventID,HostApplication
2025-04-09 04:47:28,400,C:\WINDOWS\System32\RemoteFXvGPUDisablement.exe Disable EngineVersion=5.1.19041.610 RunspaceId=7b44b352-6550-4064-9502-4a1d4b1515e2 PipelineId= CommandName= CommandType= ScriptName= CommandPath= CommandLine= 
2025-04-09 04:47:29,400,C:\WINDOWS\System32\RemoteFXvGPUDisablement.exe Disable EngineVersion=5.1.19041.610 RunspaceId=1555ceb0-328f-468e-a1df-9e4171c814e3 PipelineId= CommandName= CommandType= ScriptName= CommandPath= CommandLine= 
2025-04-09 11:01:30,400,C:\Windows\System32\WindowsPowerShell\v1.0\powershell.exe EngineVersion=5.1.19041.610 RunspaceId=04f9fa8b-9b38-4bfc-b2aa-54808c34d832 PipelineId= CommandName= CommandType= ScriptName= CommandPath= CommandLine= 
2025-04-10 00:10:02,400,C:\WINDOWS\System32\RemoteFXvGPUDisablement.exe Disable EngineVersion=5.1.19041.610 RunspaceId=37aa1caf-e779-4dcc-9c07-226dfba85c2b PipelineId= CommandName= CommandType= ScriptName= CommandPath= CommandLine= 
2025-04-10 00:10:03,400,C:\WINDOWS\System32\RemoteFXvGPUDisablement.exe Disable EngineVersion=5.1.19041.610 RunspaceId=0aee490f-fdee-43fb-b6b8-6a51dcdac39a PipelineId= CommandName= CommandType= ScriptName= CommandPath= CommandLine= 
2025-04-10 04:38:57,400,powershell.exe -ExecutionPolicy Restricted -Command Write-Host 'Final result: 1'; EngineVersion=5.1.19041.610 RunspaceId=3edd97de-c1e5-411a-a452-bad5bebb5469 PipelineId= CommandName= CommandType= ScriptName= CommandPath= CommandLine= 
2025-04-10 04:39:15,400,"powershell.exe -ExecutionPolicy Restricted -Command $Res = 0; $VDisks = (Get-VirtualDisk | Where-Object ResiliencySettingName -eq Parity); if ($null -ne $VDisks) { $Res = 1 }; Write-Host 'Final result:',$Res; EngineVersion=5.1.19041.610 RunspaceId=ad398b03-6234-4c43-8de9-2a3401c16941 PipelineId= CommandName= CommandType= ScriptName= CommandPath= CommandLine= "
2025-04-11 04:28:13,400,powershell.exe -ExecutionPolicy Restricted -Command Write-Host 'Final result: 1'; EngineVersion=5.1.19041.610 RunspaceId=1e52f9c2-4610-48bf-ab63-2e00595b33f2 PipelineId= CommandName= CommandType= ScriptName= CommandPath= CommandLine= 
2025-04-11 04:28:29,400,"powershell.exe -ExecutionPolicy Restricted -Command $Res = 0; $VDisks = (Get-VirtualDisk | Where-Object ResiliencySettingName -eq Parity); if ($null -ne $VDisks) { $Res = 1 }; Write-Host 'Final result:',$Res; EngineVersion=5.1.19041.610 RunspaceId=29794c32-2bd3-4cf2-8444-88dced8e6874 PipelineId= CommandName= CommandType= ScriptName= CommandPath= CommandLine= "
2025-04-12 04:33:37,400,powershell.exe -ExecutionPolicy Restricted -Command Write-Host 'Final result: 1'; EngineVersion=5.1.19041.610 RunspaceId=08a7ee49-cb0e-4860-8578-b23ec47751d2 PipelineId= CommandName= CommandType= ScriptName= CommandPath= CommandLine= 
2025-04-12 04:33:53,400,"powershell.exe -ExecutionPolicy Restricted -Command $Res = 0; $VDisks = (Get-VirtualDisk | Where-Object ResiliencySettingName -eq Parity); if ($null -ne $VDisks) { $Res = 1 }; Write-Host 'Final result:',$Res; EngineVersion=5.1.19041.610 RunspaceId=0bc46ea5-3bdc-41b1-851d-66cad64247f6 PipelineId= CommandName= CommandType= ScriptName= CommandPath= CommandLine= "
2025-04-13 05:11:34,400,powershell.exe -ExecutionPolicy Restricted -Command Write-Host 'Final result: 1'; EngineVersion=5.1.19041.610 RunspaceId=25936e47-d4b4-4657-9996-de01e28cadfc PipelineId= CommandName= CommandType= ScriptName= CommandPath= CommandLine= 
2025-04-13 05:11:49,400,"powershell.exe -ExecutionPolicy Restricted -Command $Res = 0; $VDisks = (Get-VirtualDisk | Where-Object ResiliencySettingName -eq Parity); if ($null -ne $VDisks) { $Res = 1 }; Write-Host 'Final result:',$Res; EngineVersion=5.1.19041.610 RunspaceId=b496e1aa-1bb7-4bd2-a6dc-88c2a2cd9f9e PipelineId= CommandName= CommandType= ScriptName= CommandPath= CommandLine= "
2025-04-14 05:02:50,400,powershell.exe -ExecutionPolicy Restricted -Command Write-Host 'Final result: 1'; EngineVersion=5.1.19041.610 RunspaceId=c427ff32-0a98-4700-85f1-6b9a059df5f8 PipelineId= CommandName= CommandType= ScriptName= CommandPath= CommandLine= 
2025-04-14 05:03:06,400,"powershell.exe -ExecutionPolicy Restricted -Command $Res = 0; $VDisks = (Get-VirtualDisk | Where-Object ResiliencySettingName -eq Parity); if ($null -ne $VDisks) { $Res = 1 }; Write-Host 'Final result:',$Res; EngineVersion=5.1.19041.610 RunspaceId=fa4f71c5-ded9-421f-bcff-b579e11a9de1 PipelineId= CommandName= CommandType= ScriptName= CommandPath= CommandLine= "
2025-04-14 16:27:50,400, --pid=2560 EngineVersion=5.1.19041.610 RunspaceId=0b850aea-01bc-4268-af45-62f8a918f550 PipelineId= CommandName= CommandType= ScriptName= CommandPath= CommandLine= 
2025-04-15 05:06:43,400,powershell.exe -ExecutionPolicy Restricted -Command Write-Host 'Final result: 1'; EngineVersion=5.1.19041.610 RunspaceId=ed6f5c80-7593-4b6c-9f27-77bc99360170 PipelineId= CommandName= CommandType= ScriptName= CommandPath= CommandLine= 
2025-04-15 05:06:59,400,"powershell.exe -ExecutionPolicy Restricted -Command $Res = 0; $VDisks = (Get-VirtualDisk | Where-Object ResiliencySettingName -eq Parity); if ($null -ne $VDisks) { $Res = 1 }; Write-Host 'Final result:',$Res; EngineVersion=5.1.19041.610 RunspaceId=14654ab8-44b7-45e8-84bc-3a905e8a8e05 PipelineId= CommandName= CommandType= ScriptName= CommandPath= CommandLine= "
2025-04-16 03:51:55,400,powershell.exe -ExecutionPolicy Restricted -Command Write-Host 'Final result: 1'; EngineVersion=5.1.19041.610 RunspaceId=eca675d0-bdf6-483b-8159-51889d621bd5 PipelineId= CommandName= CommandType= ScriptName= CommandPath= CommandLine= 
2025-04-16 03:52:10,400,"powershell.exe -ExecutionPolicy Restricted -Command $Res = 0; $VDisks = (Get-VirtualDisk | Where-Object ResiliencySettingName -eq Parity); if ($null -ne $VDisks) { $Res = 1 }; Write-Host 'Final result:',$Res; EngineVersion=5.1.19041.610 RunspaceId=fdfdca1d-1652-4a8e-8a6c-665e6161d6f2 PipelineId= CommandName= CommandType= ScriptName= CommandPath= CommandLine= "
2025-04-17 03:30:16,400,powershell.exe -ExecutionPolicy Restricted -Command Write-Host 'Final result: 1'; EngineVersion=5.1.19041.610 RunspaceId=3ca3c5d8-78dc-41d6-8067-54d488e94503 PipelineId= CommandName= CommandType= ScriptName= CommandPath= CommandLine= 
2025-04-17 03:30:32,400,"powershell.exe -ExecutionPolicy Restricted -Command $Res = 0; $VDisks = (Get-VirtualDisk | Where-Object ResiliencySettingName -eq Parity); if ($null -ne $VDisks) { $Res = 1 }; Write-Host 'Final result:',$Res; EngineVersion=5.1.19041.610 RunspaceId=1755f349-90a8-4e97-a64d-e5d9a433d089 PipelineId= CommandName= CommandType= ScriptName= CommandPath= CommandLine= "
2025-04-18 03:17:09,400,powershell.exe -ExecutionPolicy Restricted -Command Write-Host 'Final result: 1'; EngineVersion=5.1.19041.610 RunspaceId=dfec9e66-1855-4926-8806-25c15df12c35 PipelineId= CommandName= CommandType= ScriptName= CommandPath= CommandLine= 
2025-04-18 03:17:25,400,"powershell.exe -ExecutionPolicy Restricted -Command $Res = 0; $VDisks = (Get-VirtualDisk | Where-Object ResiliencySettingName -eq Parity); if ($null -ne $VDisks) { $Res = 1 }; Write-Host 'Final result:',$Res; EngineVersion=5.1.19041.610 RunspaceId=59b147e3-7a5c-41c7-8c60-e14c65ad7c65 PipelineId= CommandName= CommandType= ScriptName= CommandPath= CommandLine= "
2025-04-19 04:44:59,400,powershell.exe -ExecutionPolicy Restricted -Command Write-Host 'Final result: 1'; EngineVersion=5.1.19041.610 RunspaceId=491d8dcb-8af7-49e7-a8bd-cb3ea3417171 PipelineId= CommandName= CommandType= ScriptName= CommandPath= CommandLine= 
2025-04-19 04:45:00,400,"powershell.exe -ExecutionPolicy Restricted -Command $Res = 0; $VDisks = (Get-VirtualDisk | Where-Object ResiliencySettingName -eq Parity); if ($null -ne $VDisks) { $Res = 1 }; Write-Host 'Final result:',$Res; EngineVersion=5.1.19041.610 RunspaceId=66117c0e-df4d-413c-babe-f37d97518c1b PipelineId= CommandName= CommandType= ScriptName= CommandPath= CommandLine= "
2025-04-19 16:27:47,400, --pid=6576 EngineVersion=5.1.19041.610 RunspaceId=007648d0-6299-496e-82e4-48bb7e5aaddf PipelineId= CommandName= CommandType= ScriptName= CommandPath= CommandLine= 
2025-04-19 16:57:58,400, --pid=8144 EngineVersion=5.1.19041.610 RunspaceId=5bbe1f9f-635c-415f-92de-e0ede1975eaf PipelineId= CommandName= CommandType= ScriptName= CommandPath= CommandLine= 
2025-04-20 05:14:16,400,powershell.exe -ExecutionPolicy Restricted -Command Write-Host 'Final result: 1'; EngineVersion=5.1.19041.610 RunspaceId=0a9209ae-2cd1-4be0-9264-344b5d57bb1d PipelineId= CommandName= CommandType= ScriptName= CommandPath= CommandLine= 
2025-04-20 05:14:32,400,"powershell.exe -ExecutionPolicy Restricted -Command $Res = 0; $VDisks = (Get-VirtualDisk | Where-Object ResiliencySettingName -eq Parity); if ($null -ne $VDisks) { $Res = 1 }; Write-Host 'Final result:',$Res; EngineVersion=5.1.19041.610 RunspaceId=f6adfa2b-20b0-4ffc-aada-a0923ed36dce PipelineId= CommandName= CommandType= ScriptName= CommandPath= CommandLine= "
2025-04-21 04:39:55,400,powershell.exe -ExecutionPolicy Restricted -Command Write-Host 'Final result: 1'; EngineVersion=5.1.19041.610 RunspaceId=edb68ed8-83a6-47d4-950f-78205d96b3f4 PipelineId= CommandName= CommandType= ScriptName= CommandPath= CommandLine= 
2025-04-21 04:40:12,400,"powershell.exe -ExecutionPolicy Restricted -Command $Res = 0; $VDisks = (Get-VirtualDisk | Where-Object ResiliencySettingName -eq Parity); if ($null -ne $VDisks) { $Res = 1 }; Write-Host 'Final result:',$Res; EngineVersion=5.1.19041.610 RunspaceId=cad907c4-215f-4c18-92cb-b6b54a5d1208 PipelineId= CommandName= CommandType= ScriptName= CommandPath= CommandLine= "
2025-04-22 04:30:16,400,powershell.exe -ExecutionPolicy Restricted -Command Write-Host 'Final result: 1'; EngineVersion=5.1.19041.610 RunspaceId=42dfbf12-f03f-4543-bdcd-edf9e539d7c4 PipelineId= CommandName= CommandType= ScriptName= CommandPath= CommandLine= 
2025-04-22 04:30:32,400,"powershell.exe -ExecutionPolicy Restricted -Command $Res = 0; $VDisks = (Get-VirtualDisk | Where-Object ResiliencySettingName -eq Parity); if ($null -ne $VDisks) { $Res = 1 }; Write-Host 'Final result:',$Res; EngineVersion=5.1.19041.610 RunspaceId=0e31a9e1-1218-44d9-a113-b822b4bf92e3 PipelineId= CommandName= CommandType= ScriptName= CommandPath= CommandLine= "
2025-04-23 05:14:59,400,powershell.exe -ExecutionPolicy Restricted -Command Write-Host 'Final result: 1'; EngineVersion=5.1.19041.610 RunspaceId=8003af50-da78-4d20-a2b9-4ccc27a0b294 PipelineId= CommandName= CommandType= ScriptName= CommandPath= CommandLine= 
2025-04-23 05:15:15,400,"powershell.exe -ExecutionPolicy Restricted -Command $Res = 0; $VDisks = (Get-VirtualDisk | Where-Object ResiliencySettingName -eq Parity); if ($null -ne $VDisks) { $Res = 1 }; Write-Host 'Final result:',$Res; EngineVersion=5.1.19041.610 RunspaceId=c2ac13d1-6751-4ecd-ad20-b4c3a9ef9c33 PipelineId= CommandName= CommandType= ScriptName= CommandPath= CommandLine= "
2025-04-24 04:02:33,400,powershell.exe -ExecutionPolicy Restricted -Command Write-Host 'Final result: 1'; EngineVersion=5.1.19041.610 RunspaceId=c060e753-66b5-44b7-934f-d6832d84df2e PipelineId= CommandName= CommandType= ScriptName= CommandPath= CommandLine= 
2025-04-24 04:02:49,400,"powershell.exe -ExecutionPolicy Restricted -Command $Res = 0; $VDisks = (Get-VirtualDisk | Where-Object ResiliencySettingName -eq Parity); if ($null -ne $VDisks) { $Res = 1 }; Write-Host 'Final result:',$Res; EngineVersion=5.1.19041.610 RunspaceId=e0961473-278a-4e18-8896-efdf58e0e156 PipelineId= CommandName= CommandType= ScriptName= CommandPath= CommandLine= "
2025-04-24 16:57:58,400, --pid=3560 EngineVersion=5.1.19041.610 RunspaceId=8c20d198-34a4-4f4b-a9d8-a849648787f2 PipelineId= CommandName= CommandType= ScriptName= CommandPath= CommandLine= 
2025-04-24 17:28:05,400, --pid=7188 EngineVersion=5.1.19041.610 RunspaceId=20cb942c-58d5-409e-8303-e773c4badff2 PipelineId= CommandName= CommandType= ScriptName= CommandPath= CommandLine= 
2025-04-24 20:12:19,400, --pid=4228 EngineVersion=5.1.19041.5737 RunspaceId=44d2e696-82ab-47e0-b82c-4dfc85d363f7 PipelineId= CommandName= CommandType= ScriptName= CommandPath= CommandLine= 
2025-04-28 15:46:07,400,"powershell.exe -ExecutionPolicy Restricted -Command $Res = 0 [UInt64]$MinDiskSpaceThreshold = 20 * 1024 * 1024 * 1024 try { $SystemDrive = (Get-CimInstance Win32_OperatingSystem).SystemDrive $SystemDriveLetter = $SystemDrive[0] $SystemDriveSpace = (Get-Volume -DriveLetter $SystemDriveLetter).SizeRemaining Write-Host 'Current system drive space:', $SystemDriveSpace.ToString('N0') if ($SystemDriveSpace -lt $MinDiskSpaceThreshold) { Write-Host 'System drive space is less than the threshold:', $MinDiskSpaceThreshold.ToString('N0'), 'Block Upgrade.' $Res = 1 } } catch { # Do nothing } Write-Host 'Final result:', $Res EngineVersion=5.1.19041.5737 RunspaceId=3cc306df-9f17-4629-b919-db6b529b24fd PipelineId= CommandName= CommandType= ScriptName= CommandPath= CommandLine= "
2025-04-28 15:46:12,400,"powershell.exe -ExecutionPolicy Restricted -Command $Res = 0 [UInt64]$MinDiskSpaceThreshold = 25 * 1024 * 1024 * 1024 try { $SystemDrive = (Get-CimInstance Win32_OperatingSystem).SystemDrive $SystemDriveLetter = $SystemDrive[0] $SystemDriveSpace = (Get-Volume -DriveLetter $SystemDriveLetter).SizeRemaining Write-Host 'Current system drive space:', $SystemDriveSpace.ToString('N0') if ($SystemDriveSpace -lt $MinDiskSpaceThreshold) { Write-Host 'System drive space is less than the threshold:', $MinDiskSpaceThreshold.ToString('N0'), 'Applying safeguard.' $Res = 1 } } catch { # Do nothing } Write-Host 'Final result:', $Res EngineVersion=5.1.19041.5737 RunspaceId=bd72f116-f4e4-4bbb-ad1b-d05ff0622a24 PipelineId= CommandName= CommandType= ScriptName= CommandPath= CommandLine= "
2025-04-28 15:46:18,400,powershell.exe -ExecutionPolicy Restricted -Command Write-Host 'Final result: 1'; EngineVersion=5.1.19041.5737 RunspaceId=5f806485-3e06-4bea-ad64-298061ec10cd PipelineId= CommandName= CommandType= ScriptName= CommandPath= CommandLine= 
2025-04-28 15:46:21,400,"powershell.exe -ExecutionPolicy Restricted -Command $Res = 0; $Infs = Get-Item -Path ($env:WinDir + '\inf\*.inf'); foreach ($Inf in $Infs) { $Data = Get-Content $Inf.FullName; if ($Data -match '\[defaultinstall.nt(amd64|arm|arm64|x86)\]') { $Res = 1; break; } } Write-Host 'Final result:', $Res; EngineVersion=5.1.19041.5737 RunspaceId=362882a9-93c7-4408-82dd-f1890d3067d8 PipelineId= CommandName= CommandType= ScriptName= CommandPath= CommandLine= "
2025-04-28 16:23:51,400, --pid=11492 EngineVersion=5.1.19041.5737 RunspaceId=dd7810f9-0925-46af-a2fa-3ceed8348264 PipelineId= CommandName= CommandType= ScriptName= CommandPath= CommandLine= 
2025-04-28 16:24:07,400, --pid=11492 EngineVersion=5.1.19041.5737 RunspaceId=70a7e428-c437-4d13-98b5-82d616d58666 PipelineId= CommandName= CommandType= ScriptName= CommandPath= CommandLine= 
2025-04-28 16:24:07,400,C:\WINDOWS\System32\WindowsPowerShell\v1.0\powershell.exe -noprofile -ExecutionPolicy Bypass (Get-ItemProperty 'C:\Program Files (x86)\Microsoft\Edge\Application\msedge.exe').VersionInfo.FileDescription EngineVersion=5.1.19041.5737 RunspaceId=b2377400-fffb-4aa8-9c75-f68949d1eb71 PipelineId= CommandName= CommandType= ScriptName= CommandPath= CommandLine= 
2025-04-29 13:32:38,400,"powershell.exe -ExecutionPolicy Restricted -Command $Res = 0 [UInt64]$MinDiskSpaceThreshold = 20 * 1024 * 1024 * 1024 try { $SystemDrive = (Get-CimInstance Win32_OperatingSystem).SystemDrive $SystemDriveLetter = $SystemDrive[0] $SystemDriveSpace = (Get-Volume -DriveLetter $SystemDriveLetter).SizeRemaining Write-Host 'Current system drive space:', $SystemDriveSpace.ToString('N0') if ($SystemDriveSpace -lt $MinDiskSpaceThreshold) { Write-Host 'System drive space is less than the threshold:', $MinDiskSpaceThreshold.ToString('N0'), 'Block Upgrade.' $Res = 1 } } catch { # Do nothing } Write-Host 'Final result:', $Res EngineVersion=5.1.19041.5737 RunspaceId=c9990b08-6520-46bf-85d8-12a02fadb284 PipelineId= CommandName= CommandType= ScriptName= CommandPath= CommandLine= "
2025-04-29 13:32:43,400,"powershell.exe -ExecutionPolicy Restricted -Command $Res = 0 [UInt64]$MinDiskSpaceThreshold = 25 * 1024 * 1024 * 1024 try { $SystemDrive = (Get-CimInstance Win32_OperatingSystem).SystemDrive $SystemDriveLetter = $SystemDrive[0] $SystemDriveSpace = (Get-Volume -DriveLetter $SystemDriveLetter).SizeRemaining Write-Host 'Current system drive space:', $SystemDriveSpace.ToString('N0') if ($SystemDriveSpace -lt $MinDiskSpaceThreshold) { Write-Host 'System drive space is less than the threshold:', $MinDiskSpaceThreshold.ToString('N0'), 'Applying safeguard.' $Res = 1 } } catch { # Do nothing } Write-Host 'Final result:', $Res EngineVersion=5.1.19041.5737 RunspaceId=12428ab5-7880-4146-8979-4ed867d14483 PipelineId= CommandName= CommandType= ScriptName= CommandPath= CommandLine= "
2025-04-29 13:32:49,400,powershell.exe -ExecutionPolicy Restricted -Command Write-Host 'Final result: 1'; EngineVersion=5.1.19041.5737 RunspaceId=3a83a955-d998-49a6-a13c-f3c4456bfd39 PipelineId= CommandName= CommandType= ScriptName= CommandPath= CommandLine= 
2025-04-29 13:32:50,400,"powershell.exe -ExecutionPolicy Restricted -Command $Res = 0; $Infs = Get-Item -Path ($env:WinDir + '\inf\*.inf'); foreach ($Inf in $Infs) { $Data = Get-Content $Inf.FullName; if ($Data -match '\[defaultinstall.nt(amd64|arm|arm64|x86)\]') { $Res = 1; break; } } Write-Host 'Final result:', $Res; EngineVersion=5.1.19041.5737 RunspaceId=dc3af2d1-59a9-4f48-a943-4028d308997b PipelineId= CommandName= CommandType= ScriptName= CommandPath= CommandLine= "
2025-04-30 05:50:07,400,"powershell.exe -ExecutionPolicy Restricted -Command $Res = 0 [UInt64]$MinDiskSpaceThreshold = 20 * 1024 * 1024 * 1024 try { $SystemDrive = (Get-CimInstance Win32_OperatingSystem).SystemDrive $SystemDriveLetter = $SystemDrive[0] $SystemDriveSpace = (Get-Volume -DriveLetter $SystemDriveLetter).SizeRemaining Write-Host 'Current system drive space:', $SystemDriveSpace.ToString('N0') if ($SystemDriveSpace -lt $MinDiskSpaceThreshold) { Write-Host 'System drive space is less than the threshold:', $MinDiskSpaceThreshold.ToString('N0'), 'Block Upgrade.' $Res = 1 } } catch { # Do nothing } Write-Host 'Final result:', $Res EngineVersion=5.1.19041.5737 RunspaceId=ddd045ed-7416-4cb8-adec-7d844ef192c7 PipelineId= CommandName= CommandType= ScriptName= CommandPath= CommandLine= "
2025-04-30 05:50:13,400,"powershell.exe -ExecutionPolicy Restricted -Command $Res = 0 [UInt64]$MinDiskSpaceThreshold = 25 * 1024 * 1024 * 1024 try { $SystemDrive = (Get-CimInstance Win32_OperatingSystem).SystemDrive $SystemDriveLetter = $SystemDrive[0] $SystemDriveSpace = (Get-Volume -DriveLetter $SystemDriveLetter).SizeRemaining Write-Host 'Current system drive space:', $SystemDriveSpace.ToString('N0') if ($SystemDriveSpace -lt $MinDiskSpaceThreshold) { Write-Host 'System drive space is less than the threshold:', $MinDiskSpaceThreshold.ToString('N0'), 'Applying safeguard.' $Res = 1 } } catch { # Do nothing } Write-Host 'Final result:', $Res EngineVersion=5.1.19041.5737 RunspaceId=fe2f8ba9-fa44-4e22-b2d8-7ebc7aef44a0 PipelineId= CommandName= CommandType= ScriptName= CommandPath= CommandLine= "
2025-04-30 05:50:18,400,powershell.exe -ExecutionPolicy Restricted -Command Write-Host 'Final result: 1'; EngineVersion=5.1.19041.5737 RunspaceId=29fa9f71-bb61-446d-a580-922882683c76 PipelineId= CommandName= CommandType= ScriptName= CommandPath= CommandLine= 
2025-04-30 05:50:21,400,"powershell.exe -ExecutionPolicy Restricted -Command $Res = 0; $Infs = Get-Item -Path ($env:WinDir + '\inf\*.inf'); foreach ($Inf in $Infs) { $Data = Get-Content $Inf.FullName; if ($Data -match '\[defaultinstall.nt(amd64|arm|arm64|x86)\]') { $Res = 1; break; } } Write-Host 'Final result:', $Res; EngineVersion=5.1.19041.5737 RunspaceId=43227fca-290d-4b2a-a57e-2b187d6095be PipelineId= CommandName= CommandType= ScriptName= CommandPath= CommandLine= "
2025-04-30 18:17:06,400,C:\Windows\System32\WindowsPowerShell\v1.0\powershell.exe EngineVersion=5.1.19041.5737 RunspaceId=b00e13c3-20d8-4742-8af7-f4004d2b576c PipelineId= CommandName= CommandType= ScriptName= CommandPath= CommandLine= 
2025-05-02 19:02:10,400,C:\Windows\System32\WindowsPowerShell\v1.0\powershell.exe EngineVersion=5.1.19041.5737 RunspaceId=72e6a9fb-4db9-4057-88a0-c7d429248237 PipelineId= CommandName= CommandType= ScriptName= CommandPath= CommandLine= 
2025-05-02 19:02:10,400,C:\Windows\System32\WindowsPowerShell\v1.0\powershell.exe EngineVersion=5.1.19041.5737 RunspaceId=0ba3c3c4-dd74-44ca-9637-11aaa1fd4d35 PipelineId= CommandName= CommandType= ScriptName= CommandPath= CommandLine= 
2025-05-02 19:02:10,400,C:\Windows\System32\WindowsPowerShell\v1.0\powershell.exe EngineVersion=5.1.19041.5737 RunspaceId=774aa492-cd2d-490b-94b9-cd36e7df7dc7 PipelineId= CommandName= CommandType= ScriptName= CommandPath= CommandLine= 
2025-05-02 19:02:10,400,C:\Windows\System32\WindowsPowerShell\v1.0\powershell.exe EngineVersion=5.1.19041.5737 RunspaceId=39902913-1a4f-4d9f-ac6c-265081953dd6 PipelineId= CommandName= CommandType= ScriptName= CommandPath= CommandLine= 
2025-05-02 19:02:10,400,C:\Windows\System32\WindowsPowerShell\v1.0\powershell.exe EngineVersion=5.1.19041.5737 RunspaceId=76ff5663-6d27-4b54-b07b-c31ca43d684f PipelineId= CommandName= CommandType= ScriptName= CommandPath= CommandLine= 
2025-05-02 19:02:10,400,C:\Windows\System32\WindowsPowerShell\v1.0\powershell.exe EngineVersion=5.1.19041.5737 RunspaceId=2e70a275-f27a-42d9-86c5-56ade9c06bd7 PipelineId= CommandName= CommandType= ScriptName= CommandPath= CommandLine= 
2025-05-02 19:02:11,400,C:\Windows\System32\WindowsPowerShell\v1.0\powershell.exe EngineVersion=5.1.19041.5737 RunspaceId=0eedd1cf-791f-4973-ad61-e0b221872345 PipelineId= CommandName= CommandType= ScriptName= CommandPath= CommandLine= 
2025-05-02 19:02:11,400,C:\Windows\System32\WindowsPowerShell\v1.0\powershell.exe EngineVersion=5.1.19041.5737 RunspaceId=0fb4bf3d-9b90-4572-b694-73121344749b PipelineId= CommandName= CommandType= ScriptName= CommandPath= CommandLine= 
2025-05-02 19:02:11,400,C:\Windows\System32\WindowsPowerShell\v1.0\powershell.exe EngineVersion=5.1.19041.5737 RunspaceId=26bc28c5-693d-47a6-b56e-3540ab9378da PipelineId= CommandName= CommandType= ScriptName= CommandPath= CommandLine= 
2025-05-02 19:02:11,400,C:\Windows\System32\WindowsPowerShell\v1.0\powershell.exe EngineVersion=5.1.19041.5737 RunspaceId=6e153d2c-86df-4ce0-b3e5-e60e3d0b4b83 PipelineId= CommandName= CommandType= ScriptName= CommandPath= CommandLine= 
2025-05-02 19:02:11,400,C:\Windows\System32\WindowsPowerShell\v1.0\powershell.exe EngineVersion=5.1.19041.5737 RunspaceId=ad1703eb-0081-4aed-8e08-9cef188ec6d4 PipelineId= CommandName= CommandType= ScriptName= CommandPath= CommandLine= 
2025-05-02 19:02:11,400,C:\Windows\System32\WindowsPowerShell\v1.0\powershell.exe EngineVersion=5.1.19041.5737 RunspaceId=d9afd500-b9dd-48ba-8c13-8e0c3eccbb72 PipelineId= CommandName= CommandType= ScriptName= CommandPath= CommandLine= 
2025-05-02 19:10:49,400,C:\Windows\System32\WindowsPowerShell\v1.0\powershell.exe EngineVersion=5.1.19041.5737 RunspaceId=e1ae2748-e659-47db-afdd-87124441ab56 PipelineId= CommandName= CommandType= ScriptName= CommandPath= CommandLine= 
2025-05-02 20:25:05,400,C:\Windows\System32\WindowsPowerShell\v1.0\powershell.exe EngineVersion=5.1.19041.5737 RunspaceId=07d1b1ce-14b8-44f5-b833-6eb18faffabc PipelineId= CommandName= CommandType= ScriptName= CommandPath= CommandLine= 
2025-05-02 20:41:15,400,powershell $null = secedit /export /cfg $env:temp/secexport.cfg; $(gc $env:temp/secexport.cfg | Select-String "LSAAnonymousNameLookup").ToString().Split("=")[1].Trim() EngineVersion=5.1.19041.5737 RunspaceId=e3e91f01-58de-4893-9370-fc1585d072fc PipelineId= CommandName= CommandType= ScriptName= CommandPath= CommandLine= 
2025-05-02 20:42:50,400,powershell $null = secedit /export /cfg $env:temp/secexport.cfg; $(gc $env:temp/secexport.cfg | Select-String "LSAAnonymousNameLookup").ToString().Split("=")[1].Trim() EngineVersion=5.1.19041.5737 RunspaceId=1842c438-428b-4238-89ba-ff8582a2fa70 PipelineId= CommandName= CommandType= ScriptName= CommandPath= CommandLine= 
2025-05-02 22:30:32,400,"powershell.exe -ExecutionPolicy Restricted -Command $Res = 0 [UInt64]$MinDiskSpaceThreshold = 20 * 1024 * 1024 * 1024 try { $SystemDrive = (Get-CimInstance Win32_OperatingSystem).SystemDrive $SystemDriveLetter = $SystemDrive[0] $SystemDriveSpace = (Get-Volume -DriveLetter $SystemDriveLetter).SizeRemaining Write-Host 'Current system drive space:', $SystemDriveSpace.ToString('N0') if ($SystemDriveSpace -lt $MinDiskSpaceThreshold) { Write-Host 'System drive space is less than the threshold:', $MinDiskSpaceThreshold.ToString('N0'), 'Block Upgrade.' $Res = 1 } } catch { # Do nothing } Write-Host 'Final result:', $Res EngineVersion=5.1.19041.5737 RunspaceId=4715ea28-98eb-49f7-81fe-07f9ac1c5e10 PipelineId= CommandName= CommandType= ScriptName= CommandPath= CommandLine= "
2025-05-02 22:32:15,400,"powershell.exe -ExecutionPolicy Restricted -Command $Res = 0 [UInt64]$MinDiskSpaceThreshold = 25 * 1024 * 1024 * 1024 try { $SystemDrive = (Get-CimInstance Win32_OperatingSystem).SystemDrive $SystemDriveLetter = $SystemDrive[0] $SystemDriveSpace = (Get-Volume -DriveLetter $SystemDriveLetter).SizeRemaining Write-Host 'Current system drive space:', $SystemDriveSpace.ToString('N0') if ($SystemDriveSpace -lt $MinDiskSpaceThreshold) { Write-Host 'System drive space is less than the threshold:', $MinDiskSpaceThreshold.ToString('N0'), 'Applying safeguard.' $Res = 1 } } catch { # Do nothing } Write-Host 'Final result:', $Res EngineVersion=5.1.19041.5737 RunspaceId=f6bf54d7-3eed-40ec-80ef-b63d727f3b9c PipelineId= CommandName= CommandType= ScriptName= CommandPath= CommandLine= "
2025-05-02 22:32:21,400,powershell.exe -ExecutionPolicy Restricted -Command Write-Host 'Final result: 1'; EngineVersion=5.1.19041.5737 RunspaceId=3a41ba5a-54ec-4817-be1c-30dcf16ef21c PipelineId= CommandName= CommandType= ScriptName= CommandPath= CommandLine= 
2025-05-02 22:32:27,400,"powershell.exe -ExecutionPolicy Restricted -Command $Res = 0; $Infs = Get-Item -Path ($env:WinDir + '\inf\*.inf'); foreach ($Inf in $Infs) { $Data = Get-Content $Inf.FullName; if ($Data -match '\[defaultinstall.nt(amd64|arm|arm64|x86)\]') { $Res = 1; break; } } Write-Host 'Final result:', $Res; EngineVersion=5.1.19041.5737 RunspaceId=cc913715-fcf0-4be9-9d8d-f7cee220782f PipelineId= CommandName= CommandType= ScriptName= CommandPath= CommandLine= "
2025-05-03 16:21:48,400,"powershell.exe -ExecutionPolicy Restricted -Command $Res = 0 [UInt64]$MinDiskSpaceThreshold = 20 * 1024 * 1024 * 1024 try { $SystemDrive = (Get-CimInstance Win32_OperatingSystem).SystemDrive $SystemDriveLetter = $SystemDrive[0] $SystemDriveSpace = (Get-Volume -DriveLetter $SystemDriveLetter).SizeRemaining Write-Host 'Current system drive space:', $SystemDriveSpace.ToString('N0') if ($SystemDriveSpace -lt $MinDiskSpaceThreshold) { Write-Host 'System drive space is less than the threshold:', $MinDiskSpaceThreshold.ToString('N0'), 'Block Upgrade.' $Res = 1 } } catch { # Do nothing } Write-Host 'Final result:', $Res EngineVersion=5.1.19041.5737 RunspaceId=5450f933-6f6d-480e-9321-a03c1c6824aa PipelineId= CommandName= CommandType= ScriptName= CommandPath= CommandLine= "
2025-05-03 16:21:54,400,"powershell.exe -ExecutionPolicy Restricted -Command $Res = 0 [UInt64]$MinDiskSpaceThreshold = 25 * 1024 * 1024 * 1024 try { $SystemDrive = (Get-CimInstance Win32_OperatingSystem).SystemDrive $SystemDriveLetter = $SystemDrive[0] $SystemDriveSpace = (Get-Volume -DriveLetter $SystemDriveLetter).SizeRemaining Write-Host 'Current system drive space:', $SystemDriveSpace.ToString('N0') if ($SystemDriveSpace -lt $MinDiskSpaceThreshold) { Write-Host 'System drive space is less than the threshold:', $MinDiskSpaceThreshold.ToString('N0'), 'Applying safeguard.' $Res = 1 } } catch { # Do nothing } Write-Host 'Final result:', $Res EngineVersion=5.1.19041.5737 RunspaceId=6cf6d2e3-9d89-49e2-970c-c330dfa572a4 PipelineId= CommandName= CommandType= ScriptName= CommandPath= CommandLine= "
2025-05-03 16:22:01,400,powershell.exe -ExecutionPolicy Restricted -Command Write-Host 'Final result: 1'; EngineVersion=5.1.19041.5737 RunspaceId=350f3856-017f-4aa1-a581-57d50c3a6fda PipelineId= CommandName= CommandType= ScriptName= CommandPath= CommandLine= 
2025-05-03 16:22:17,400,"powershell.exe -ExecutionPolicy Restricted -Command $Res = 0; $Infs = Get-Item -Path ($env:WinDir + '\inf\*.inf'); foreach ($Inf in $Infs) { $Data = Get-Content $Inf.FullName; if ($Data -match '\[defaultinstall.nt(amd64|arm|arm64|x86)\]') { $Res = 1; break; } } Write-Host 'Final result:', $Res; EngineVersion=5.1.19041.5737 RunspaceId=e4b3f3c6-1374-431c-b0be-b1035ad43764 PipelineId= CommandName= CommandType= ScriptName= CommandPath= CommandLine= "
2025-05-03 16:24:24,400, --pid=17460 EngineVersion=5.1.19041.5737 RunspaceId=c132737d-c345-46a9-b2a6-23b455e10e05 PipelineId= CommandName= CommandType= ScriptName= CommandPath= CommandLine= 
2025-05-03 16:24:26,400, --pid=17460 EngineVersion=5.1.19041.5737 RunspaceId=5278a99b-53cd-45e6-9867-13f7da23e85e PipelineId= CommandName= CommandType= ScriptName= CommandPath= CommandLine= 
2025-05-05 14:34:53,400,powershell $null = secedit /export /cfg $env:temp/secexport.cfg; $(gc $env:temp/secexport.cfg | Select-String "LSAAnonymousNameLookup").ToString().Split("=")[1].Trim() EngineVersion=5.1.19041.5737 RunspaceId=c58952ff-be1d-4b44-9b14-5db21450d297 PipelineId= CommandName= CommandType= ScriptName= CommandPath= CommandLine= 
2025-05-05 14:35:07,400,powershell $null = secedit /export /cfg $env:temp/secexport.cfg; $(gc $env:temp/secexport.cfg | Select-String "LSAAnonymousNameLookup").ToString().Split("=")[1].Trim() EngineVersion=5.1.19041.5737 RunspaceId=dc0ed67f-4189-4cd1-bf35-9e9202c63e42 PipelineId= CommandName= CommandType= ScriptName= CommandPath= CommandLine= 
2025-05-05 15:06:32,400,"powershell.exe -ExecutionPolicy Restricted -Command $Res = 0 [UInt64]$MinDiskSpaceThreshold = 20 * 1024 * 1024 * 1024 try { $SystemDrive = (Get-CimInstance Win32_OperatingSystem).SystemDrive $SystemDriveLetter = $SystemDrive[0] $SystemDriveSpace = (Get-Volume -DriveLetter $SystemDriveLetter).SizeRemaining Write-Host 'Current system drive space:', $SystemDriveSpace.ToString('N0') if ($SystemDriveSpace -lt $MinDiskSpaceThreshold) { Write-Host 'System drive space is less than the threshold:', $MinDiskSpaceThreshold.ToString('N0'), 'Block Upgrade.' $Res = 1 } } catch { # Do nothing } Write-Host 'Final result:', $Res EngineVersion=5.1.19041.5737 RunspaceId=4b1515e2-f34f-446d-952d-149d259e0f67 PipelineId= CommandName= CommandType= ScriptName= CommandPath= CommandLine= "
2025-05-05 15:06:37,400,"powershell.exe -ExecutionPolicy Restricted -Command $Res = 0 [UInt64]$MinDiskSpaceThreshold = 25 * 1024 * 1024 * 1024 try { $SystemDrive = (Get-CimInstance Win32_OperatingSystem).SystemDrive $SystemDriveLetter = $SystemDrive[0] $SystemDriveSpace = (Get-Volume -DriveLetter $SystemDriveLetter).SizeRemaining Write-Host 'Current system drive space:', $SystemDriveSpace.ToString('N0') if ($SystemDriveSpace -lt $MinDiskSpaceThreshold) { Write-Host 'System drive space is less than the threshold:', $MinDiskSpaceThreshold.ToString('N0'), 'Applying safeguard.' $Res = 1 } } catch { # Do nothing } Write-Host 'Final result:', $Res EngineVersion=5.1.19041.5737 RunspaceId=63a03fdb-fcd0-4c4f-87a9-c043383d1c1c PipelineId= CommandName= CommandType= ScriptName= CommandPath= CommandLine= "
2025-05-05 15:06:40,400,powershell.exe -ExecutionPolicy Restricted -Command Write-Host 'Final result: 1'; EngineVersion=5.1.19041.5737 RunspaceId=310ff679-79a8-4b16-a5aa-927ec91ecf1b PipelineId= CommandName= CommandType= ScriptName= CommandPath= CommandLine= 
2025-05-05 15:06:42,400,"powershell.exe -ExecutionPolicy Restricted -Command $Res = 0; $Infs = Get-Item -Path ($env:WinDir + '\inf\*.inf'); foreach ($Inf in $Infs) { $Data = Get-Content $Inf.FullName; if ($Data -match '\[defaultinstall.nt(amd64|arm|arm64|x86)\]') { $Res = 1; break; } } Write-Host 'Final result:', $Res; EngineVersion=5.1.19041.5737 RunspaceId=98f7f47c-26ab-4b5b-abe8-90c420502ee0 PipelineId= CommandName= CommandType= ScriptName= CommandPath= CommandLine= "
2025-05-06 06:43:15,400,"powershell.exe -ExecutionPolicy Restricted -Command $Res = 0 [UInt64]$MinDiskSpaceThreshold = 20 * 1024 * 1024 * 1024 try { $SystemDrive = (Get-CimInstance Win32_OperatingSystem).SystemDrive $SystemDriveLetter = $SystemDrive[0] $SystemDriveSpace = (Get-Volume -DriveLetter $SystemDriveLetter).SizeRemaining Write-Host 'Current system drive space:', $SystemDriveSpace.ToString('N0') if ($SystemDriveSpace -lt $MinDiskSpaceThreshold) { Write-Host 'System drive space is less than the threshold:', $MinDiskSpaceThreshold.ToString('N0'), 'Block Upgrade.' $Res = 1 } } catch { # Do nothing } Write-Host 'Final result:', $Res EngineVersion=5.1.19041.5794 RunspaceId=fac3563e-fe4b-4f8d-9622-fa3f05fec978 PipelineId= CommandName= CommandType= ScriptName= CommandPath= CommandLine= "
2025-05-06 06:43:23,400,"powershell.exe -ExecutionPolicy Restricted -Command $Res = 0 [UInt64]$MinDiskSpaceThreshold = 25 * 1024 * 1024 * 1024 try { $SystemDrive = (Get-CimInstance Win32_OperatingSystem).SystemDrive $SystemDriveLetter = $SystemDrive[0] $SystemDriveSpace = (Get-Volume -DriveLetter $SystemDriveLetter).SizeRemaining Write-Host 'Current system drive space:', $SystemDriveSpace.ToString('N0') if ($SystemDriveSpace -lt $MinDiskSpaceThreshold) { Write-Host 'System drive space is less than the threshold:', $MinDiskSpaceThreshold.ToString('N0'), 'Applying safeguard.' $Res = 1 } } catch { # Do nothing } Write-Host 'Final result:', $Res EngineVersion=5.1.19041.5794 RunspaceId=10b2347b-a6e3-4170-bc28-91d734a76817 PipelineId= CommandName= CommandType= ScriptName= CommandPath= CommandLine= "
2025-05-06 06:43:29,400,powershell.exe -ExecutionPolicy Restricted -Command Write-Host 'Final result: 1'; EngineVersion=5.1.19041.5794 RunspaceId=3a0f4813-5098-47b8-872b-35011a2fbfb9 PipelineId= CommandName= CommandType= ScriptName= CommandPath= CommandLine= 
2025-05-06 06:43:37,400,"powershell.exe -ExecutionPolicy Restricted -Command $Res = 0; $Infs = Get-Item -Path ($env:WinDir + '\inf\*.inf'); foreach ($Inf in $Infs) { $Data = Get-Content $Inf.FullName; if ($Data -match '\[defaultinstall.nt(amd64|arm|arm64|x86)\]') { $Res = 1; break; } } Write-Host 'Final result:', $Res; EngineVersion=5.1.19041.5794 RunspaceId=cadd5e11-6e2c-4642-bfaa-a1a68b6d76ab PipelineId= CommandName= CommandType= ScriptName= CommandPath= CommandLine= "
2025-05-06 07:40:40,400,powershell $null = secedit /export /cfg $env:temp/secexport.cfg; $(gc $env:temp/secexport.cfg | Select-String "LSAAnonymousNameLookup").ToString().Split("=")[1].Trim() EngineVersion=5.1.19041.5794 RunspaceId=f2e01359-f766-47f6-a35d-32e12e8aed1d PipelineId= CommandName= CommandType= ScriptName= CommandPath= CommandLine= 
2025-05-06 19:40:41,400,powershell $null = secedit /export /cfg $env:temp/secexport.cfg; $(gc $env:temp/secexport.cfg | Select-String "LSAAnonymousNameLookup").ToString().Split("=")[1].Trim() EngineVersion=5.1.19041.5794 RunspaceId=b6607554-4afc-4a48-9821-51540c3b9252 PipelineId= CommandName= CommandType= ScriptName= CommandPath= CommandLine= 
2025-05-07 12:02:52,400,powershell $null = secedit /export /cfg $env:temp/secexport.cfg; $(gc $env:temp/secexport.cfg | Select-String "LSAAnonymousNameLookup").ToString().Split("=")[1].Trim() EngineVersion=5.1.19041.5794 RunspaceId=5ed37c00-5572-4d6a-a94d-8600aacec5b3 PipelineId= CommandName= CommandType= ScriptName= CommandPath= CommandLine= 
2025-05-07 12:07:27,400,"powershell.exe -ExecutionPolicy Restricted -Command $Res = 0 [UInt64]$MinDiskSpaceThreshold = 20 * 1024 * 1024 * 1024 try { $SystemDrive = (Get-CimInstance Win32_OperatingSystem).SystemDrive $SystemDriveLetter = $SystemDrive[0] $SystemDriveSpace = (Get-Volume -DriveLetter $SystemDriveLetter).SizeRemaining Write-Host 'Current system drive space:', $SystemDriveSpace.ToString('N0') if ($SystemDriveSpace -lt $MinDiskSpaceThreshold) { Write-Host 'System drive space is less than the threshold:', $MinDiskSpaceThreshold.ToString('N0'), 'Block Upgrade.' $Res = 1 } } catch { # Do nothing } Write-Host 'Final result:', $Res EngineVersion=5.1.19041.5794 RunspaceId=2e89d025-fdde-45be-b963-3cd481fcf85f PipelineId= CommandName= CommandType= ScriptName= CommandPath= CommandLine= "
2025-05-07 12:07:32,400,"powershell.exe -ExecutionPolicy Restricted -Command $Res = 0 [UInt64]$MinDiskSpaceThreshold = 25 * 1024 * 1024 * 1024 try { $SystemDrive = (Get-CimInstance Win32_OperatingSystem).SystemDrive $SystemDriveLetter = $SystemDrive[0] $SystemDriveSpace = (Get-Volume -DriveLetter $SystemDriveLetter).SizeRemaining Write-Host 'Current system drive space:', $SystemDriveSpace.ToString('N0') if ($SystemDriveSpace -lt $MinDiskSpaceThreshold) { Write-Host 'System drive space is less than the threshold:', $MinDiskSpaceThreshold.ToString('N0'), 'Applying safeguard.' $Res = 1 } } catch { # Do nothing } Write-Host 'Final result:', $Res EngineVersion=5.1.19041.5794 RunspaceId=0e9a3705-27d6-4854-b094-1d393f1b3d03 PipelineId= CommandName= CommandType= ScriptName= CommandPath= CommandLine= "
2025-05-07 12:07:35,400,powershell.exe -ExecutionPolicy Restricted -Command Write-Host 'Final result: 1'; EngineVersion=5.1.19041.5794 RunspaceId=18b03099-5714-47e0-94ba-fefd90870d55 PipelineId= CommandName= CommandType= ScriptName= CommandPath= CommandLine= 
2025-05-07 12:07:37,400,"powershell.exe -ExecutionPolicy Restricted -Command $Res = 0; $Infs = Get-Item -Path ($env:WinDir + '\inf\*.inf'); foreach ($Inf in $Infs) { $Data = Get-Content $Inf.FullName; if ($Data -match '\[defaultinstall.nt(amd64|arm|arm64|x86)\]') { $Res = 1; break; } } Write-Host 'Final result:', $Res; EngineVersion=5.1.19041.5794 RunspaceId=7295e676-2815-43ed-a930-0a703ee75349 PipelineId= CommandName= CommandType= ScriptName= CommandPath= CommandLine= "
2025-05-07 18:43:01,400,C:\Windows\System32\WindowsPowerShell\v1.0\powershell.exe EngineVersion=5.1.19041.5794 RunspaceId=af1620e8-a508-4cd6-8f7f-e3815f6f4b24 PipelineId= CommandName= CommandType= ScriptName= CommandPath= CommandLine= 
2025-05-07 19:40:41,400,powershell $null = secedit /export /cfg $env:temp/secexport.cfg; $(gc $env:temp/secexport.cfg | Select-String "LSAAnonymousNameLookup").ToString().Split("=")[1].Trim() EngineVersion=5.1.19041.5794 RunspaceId=4a26e845-7f4f-466d-a573-9cd9ae98765d PipelineId= CommandName= CommandType= ScriptName= CommandPath= CommandLine= 
2025-05-07 20:05:18,400,C:\Windows\System32\WindowsPowerShell\v1.0\powershell.exe EngineVersion=5.1.19041.5794 RunspaceId=243e0b74-4ab9-4429-8af4-00125737b11e PipelineId= CommandName= CommandType= ScriptName= CommandPath= CommandLine= 
