TimeGenerated,EventID,ServiceName,ImagePath,ServiceType,StartType,AccountName
2025-04-09 04:31:23,7045,Intel(R) PRO/1000 PCI Express Network Connection Driver I,\SystemRoot\System32\drivers\e1i65x64.sys,kernel mode driver,demand start,
2025-04-09 04:31:34,7045,VMware VMCI Bus Driver,System32\drivers\vmci.sys,kernel mode driver,boot start,
2025-04-09 11:18:12,7045,Google Updater Internal Service (GoogleUpdaterInternalService136.0.7079.0),"C:\Program Files (x86)\Google\GoogleUpdater\136.0.7079.0\updater.exe" --system --windows-service --service=update-internal,user mode service,auto start,LocalSystem
2025-04-09 11:18:13,7045,Google Updater Service (GoogleUpdaterService136.0.7079.0),"C:\Program Files (x86)\Google\GoogleUpdater\136.0.7079.0\updater.exe" --system --windows-service --service=update,user mode service,auto start,LocalSystem
2025-04-09 11:18:39,7045,Google Chrome Elevation Service (GoogleChromeElevationService),"C:\Program Files\Google\Chrome\Application\135.0.7049.85\elevation_service.exe",user mode service,demand start,LocalSystem
2025-04-09 13:04:26,7045,Microsoft Update Health Service,"C:\Program Files\Microsoft Update Health Tools\uhssvc.exe",user mode service,disabled,LocalSystem
2025-04-09 16:28:47,7045,avgbidsdriver,C:\WINDOWS\system32\drivers\avgbidsdriver.sys,kernel mode driver,system start,
2025-04-09 16:28:47,7045,avgSnx,C:\WINDOWS\system32\drivers\avgSnx.sys,kernel mode driver,system start,
2025-04-09 16:28:47,7045,avgArDisk,C:\WINDOWS\system32\drivers\avgArDisk.sys,kernel mode driver,boot start,
2025-04-09 16:28:47,7045,avgArPot,C:\WINDOWS\system32\drivers\avgArPot.sys,kernel mode driver,system start,
2025-04-09 16:28:47,7045,avgKbd,C:\WINDOWS\system32\drivers\avgKbd.sys,kernel mode driver,system start,
2025-04-09 16:28:47,7045,avgNetHub,C:\WINDOWS\system32\drivers\avgNetHub.sys,kernel mode driver,system start,
2025-04-09 16:28:47,7045,avgRdr,C:\WINDOWS\system32\drivers\avgRdr2.sys,kernel mode driver,system start,
2025-04-09 16:28:47,7045,avgMonFlt,C:\WINDOWS\system32\drivers\avgMonFlt.sys,kernel mode driver,system start,
2025-04-09 16:28:48,7045,avgSP,C:\WINDOWS\system32\drivers\avgSP.sys,kernel mode driver,system start,
2025-04-09 16:28:48,7045,avgRvrt,C:\WINDOWS\system32\drivers\avgRvrt.sys,kernel mode driver,boot start,
2025-04-09 16:28:48,7045,avgElam,C:\WINDOWS\system32\drivers\avgElam.sys,kernel mode driver,boot start,
2025-04-09 16:28:48,7045,avgbidsh,C:\WINDOWS\system32\drivers\avgbidsh.sys,kernel mode driver,boot start,
2025-04-09 16:28:48,7045,avgbuniv,C:\WINDOWS\system32\drivers\avgbuniv.sys,kernel mode driver,boot start,
2025-04-09 16:28:48,7045,avgStm,C:\WINDOWS\system32\drivers\avgStm.sys,kernel mode driver,demand start,
2025-04-09 16:28:48,7045,avgVmm,C:\WINDOWS\system32\drivers\avgVmm.sys,kernel mode driver,boot start,
2025-04-09 16:28:48,7045,AVG Firewall Service,"C:\Program Files\AVG\Antivirus\afwServ.exe",user mode service,auto start,LocalSystem
2025-04-09 16:28:48,7045,avgbIDSAgent,"C:\Program Files\AVG\Antivirus\aswidsagent.exe",user mode service,demand start,LocalSystem
2025-04-09 16:28:48,7045,AVG Antivirus,"C:\Program Files\AVG\Antivirus\AVGSvc.exe" /runassvc,user mode service,auto start,LocalSystem
2025-04-09 16:28:48,7045,AVG Tools,"C:\Program Files\AVG\Antivirus\avgToolsSvc.exe" /runassvc,user mode service,auto start,LocalSystem
2025-04-09 16:29:00,7045,AVGWscReporter,"C:\Program Files\AVG\Antivirus\wsc_proxy.exe" /runassvc /rpcserver,user mode service,auto start,LocalSystem
2025-04-09 16:29:56,7045,AVG Browser Update Service (avg),"C:\Program Files (x86)\AVG\Browser\Update\AVGBrowserUpdate.exe" /svc,user mode service,auto start,LocalSystem
2025-04-09 16:29:56,7045,AVG Browser Update Service (avgm),"C:\Program Files (x86)\AVG\Browser\Update\AVGBrowserUpdate.exe" /medsvc,user mode service,demand start,LocalSystem
2025-04-09 16:30:36,7045,AVG Secure Browser Elevation Service (AVGSecureBrowserElevationService),"C:\Program Files\AVG\Browser\Application\133.0.29379.143\elevation_service.exe",user mode service,demand start,LocalSystem
2025-04-24 18:23:37,7045,Google Updater Internal Service (GoogleUpdaterInternalService137.0.7129.0),"C:\Program Files (x86)\Google\GoogleUpdater\137.0.7129.0\updater.exe" --system --windows-service --service=update-internal,user mode service,auto start,LocalSystem
2025-04-24 19:13:13,7045,vm3dmp,\SystemRoot\System32\DriverStore\FileRepository\vm3d.inf_amd64_eba3f0b96d8538e4\vm3dmp.sys,kernel mode driver,demand start,
2025-04-24 19:13:13,7045,vm3dmp-debug,\SystemRoot\System32\DriverStore\FileRepository\vm3d.inf_amd64_eba3f0b96d8538e4\vm3dmp-debug.sys,kernel mode driver,demand start,
2025-04-24 19:13:13,7045,vm3dmp-stats,\SystemRoot\System32\DriverStore\FileRepository\vm3d.inf_amd64_eba3f0b96d8538e4\vm3dmp-stats.sys,kernel mode driver,demand start,
2025-04-24 19:13:13,7045,vm3dmp_loader,\SystemRoot\System32\DriverStore\FileRepository\vm3d.inf_amd64_eba3f0b96d8538e4\vm3dmp_loader.sys,kernel mode driver,demand start,
2025-04-24 19:42:21,7045,Google Updater Service (GoogleUpdaterService137.0.7129.0),"C:\Program Files (x86)\Google\GoogleUpdater\137.0.7129.0\updater.exe" --system --windows-service --service=update,user mode service,auto start,LocalSystem
2025-05-02 20:40:15,7045,Wazuh,"C:\Program Files (x86)\ossec-agent\wazuh-agent.exe",user mode service,auto start,LocalSystem
2025-05-05 14:34:36,7045,Google Updater Internal Service (GoogleUpdaterInternalService138.0.7156.0),"C:\Program Files (x86)\Google\GoogleUpdater\138.0.7156.0\updater.exe" --system --windows-service --service=update-internal,user mode service,auto start,LocalSystem
2025-05-05 15:39:37,7045,Google Updater Service (GoogleUpdaterService138.0.7156.0),"C:\Program Files (x86)\Google\GoogleUpdater\138.0.7156.0\updater.exe" --system --windows-service --service=update,user mode service,auto start,LocalSystem
