TimeGenerated,EventID,ServiceName,ChangedFrom,ChangedTo
2025-04-09 04:31:34,7040,IKE and AuthIP IPsec Keying Modules,demand start,auto start
2025-04-09 04:33:56,7040,Background Intelligent Transfer Service,auto start,demand start
2025-04-09 04:34:45,7040,Background Intelligent Transfer Service,demand start,auto start
2025-04-09 04:36:45,7040,Background Intelligent Transfer Service,auto start,demand start
2025-04-09 04:40:44,7040,Distributed Transaction Coordinator,demand start,auto start
2025-04-09 04:40:44,7040,Distributed Transaction Coordinator,auto start,demand start
2025-04-09 04:41:38,7040,Background Intelligent Transfer Service,demand start,auto start
2025-04-09 04:42:39,7040,Microsoft Defender Antivirus Service,auto start,demand start
2025-04-09 04:42:42,7040,Microsoft Defender Antivirus Boot Driver,boot start,demand start
2025-04-09 04:42:42,7040,Microsoft Defender Antivirus Mini-Filter Driver,boot start,demand start
2025-04-09 04:43:27,7040,Windows Modules Installer,auto start,demand start
2025-04-09 04:43:49,7040,Background Intelligent Transfer Service,auto start,demand start
2025-04-09 04:53:31,7040,Windows Modules Installer,demand start,auto start
2025-04-09 04:53:31,7040,Windows Modules Installer,auto start,demand start
2025-04-09 04:53:31,7040,Windows Modules Installer,demand start,auto start
2025-04-09 04:53:32,7040,Windows Modules Installer,auto start,demand start
2025-04-09 04:53:32,7040,Windows Modules Installer,demand start,auto start
2025-04-09 05:17:03,7040,Windows Modules Installer,auto start,demand start
2025-04-09 10:58:30,7040,Background Intelligent Transfer Service,demand start,auto start
2025-04-09 11:34:15,7040,Background Intelligent Transfer Service,auto start,demand start
2025-04-09 13:03:19,7040,Windows Modules Installer,demand start,auto start
2025-04-09 13:03:20,7040,Windows Modules Installer,auto start,demand start
2025-04-09 13:03:21,7040,Windows Modules Installer,demand start,auto start
2025-04-09 13:04:26,7040,Microsoft Update Health Service,disabled,auto start
2025-04-09 16:19:41,7040,Background Intelligent Transfer Service,demand start,auto start
2025-04-09 16:21:53,7040,Background Intelligent Transfer Service,auto start,demand start
2025-04-09 16:34:56,7040,Background Intelligent Transfer Service,demand start,auto start
2025-04-09 16:38:30,7040,Background Intelligent Transfer Service,auto start,demand start
2025-04-09 18:05:08,7040,Background Intelligent Transfer Service,demand start,auto start
2025-04-09 18:16:53,7040,Remote Access IP ARP Driver,demand start,auto start
2025-04-09 18:16:54,7040,Remote Access Connection Manager,demand start,auto start
2025-04-10 00:06:25,7040,Windows Modules Installer,auto start,demand start
2025-04-10 00:10:28,7040,Background Intelligent Transfer Service,auto start,demand start
2025-04-10 00:12:29,7040,Background Intelligent Transfer Service,demand start,auto start
2025-04-10 00:14:43,7040,Background Intelligent Transfer Service,auto start,demand start
2025-04-10 00:31:59,7040,Background Intelligent Transfer Service,demand start,auto start
2025-04-10 00:34:13,7040,Background Intelligent Transfer Service,auto start,demand start
2025-04-10 01:35:23,7040,Background Intelligent Transfer Service,demand start,auto start
2025-04-10 01:37:37,7040,Background Intelligent Transfer Service,auto start,demand start
2025-04-10 02:38:47,7040,Background Intelligent Transfer Service,demand start,auto start
2025-04-10 02:41:01,7040,Background Intelligent Transfer Service,auto start,demand start
2025-04-10 03:42:12,7040,Background Intelligent Transfer Service,demand start,auto start
2025-04-10 03:44:26,7040,Background Intelligent Transfer Service,auto start,demand start
2025-04-10 04:31:59,7040,Background Intelligent Transfer Service,demand start,auto start
2025-04-10 04:34:14,7040,Background Intelligent Transfer Service,auto start,demand start
2025-04-10 05:35:25,7040,Background Intelligent Transfer Service,demand start,auto start
2025-04-10 05:37:39,7040,Background Intelligent Transfer Service,auto start,demand start
2025-04-10 06:38:50,7040,Background Intelligent Transfer Service,demand start,auto start
2025-04-10 06:41:04,7040,Background Intelligent Transfer Service,auto start,demand start
2025-04-10 07:42:15,7040,Background Intelligent Transfer Service,demand start,auto start
2025-04-10 07:44:29,7040,Background Intelligent Transfer Service,auto start,demand start
2025-04-10 08:31:59,7040,Background Intelligent Transfer Service,demand start,auto start
2025-04-10 08:34:14,7040,Background Intelligent Transfer Service,auto start,demand start
2025-04-10 09:35:24,7040,Background Intelligent Transfer Service,demand start,auto start
2025-04-10 09:37:39,7040,Background Intelligent Transfer Service,auto start,demand start
2025-04-10 10:38:49,7040,Background Intelligent Transfer Service,demand start,auto start
2025-04-10 10:41:03,7040,Background Intelligent Transfer Service,auto start,demand start
2025-04-10 10:59:13,7040,Background Intelligent Transfer Service,demand start,auto start
2025-04-10 11:08:38,7040,Background Intelligent Transfer Service,auto start,demand start
2025-04-10 11:41:53,7040,Background Intelligent Transfer Service,demand start,auto start
2025-04-10 11:44:07,7040,Background Intelligent Transfer Service,auto start,demand start
2025-04-10 12:31:59,7040,Background Intelligent Transfer Service,demand start,auto start
2025-04-10 12:34:13,7040,Background Intelligent Transfer Service,auto start,demand start
2025-04-10 13:35:23,7040,Background Intelligent Transfer Service,demand start,auto start
2025-04-10 13:37:37,7040,Background Intelligent Transfer Service,auto start,demand start
2025-04-10 14:38:47,7040,Background Intelligent Transfer Service,demand start,auto start
2025-04-10 14:41:01,7040,Background Intelligent Transfer Service,auto start,demand start
2025-04-10 15:42:11,7040,Background Intelligent Transfer Service,demand start,auto start
2025-04-10 15:44:25,7040,Background Intelligent Transfer Service,auto start,demand start
2025-04-10 16:30:56,7040,Background Intelligent Transfer Service,demand start,auto start
2025-04-10 16:33:11,7040,Background Intelligent Transfer Service,auto start,demand start
2025-04-10 16:34:57,7040,Background Intelligent Transfer Service,demand start,auto start
2025-04-10 16:45:27,7040,Background Intelligent Transfer Service,auto start,demand start
2025-04-10 17:34:22,7040,Background Intelligent Transfer Service,demand start,auto start
2025-04-10 17:36:36,7040,Background Intelligent Transfer Service,auto start,demand start
2025-04-10 18:37:46,7040,Background Intelligent Transfer Service,demand start,auto start
2025-04-10 18:40:01,7040,Background Intelligent Transfer Service,auto start,demand start
2025-04-10 19:41:11,7040,Background Intelligent Transfer Service,demand start,auto start
2025-04-10 19:43:25,7040,Background Intelligent Transfer Service,auto start,demand start
2025-04-10 19:55:40,7040,Background Intelligent Transfer Service,demand start,auto start
2025-04-10 20:10:01,7040,Background Intelligent Transfer Service,auto start,demand start
2025-04-10 20:31:58,7040,Background Intelligent Transfer Service,demand start,auto start
2025-04-10 20:34:13,7040,Background Intelligent Transfer Service,auto start,demand start
2025-04-10 20:36:27,7040,Background Intelligent Transfer Service,demand start,auto start
2025-04-10 20:43:26,7040,Background Intelligent Transfer Service,auto start,demand start
2025-04-10 21:35:23,7040,Background Intelligent Transfer Service,demand start,auto start
2025-04-10 21:37:38,7040,Background Intelligent Transfer Service,auto start,demand start
2025-04-10 22:38:48,7040,Background Intelligent Transfer Service,demand start,auto start
2025-04-10 22:41:02,7040,Background Intelligent Transfer Service,auto start,demand start
2025-04-10 23:42:12,7040,Background Intelligent Transfer Service,demand start,auto start
2025-04-10 23:44:26,7040,Background Intelligent Transfer Service,auto start,demand start
2025-04-11 00:31:58,7040,Background Intelligent Transfer Service,demand start,auto start
2025-04-11 00:34:13,7040,Background Intelligent Transfer Service,auto start,demand start
2025-04-11 01:35:24,7040,Background Intelligent Transfer Service,demand start,auto start
2025-04-11 01:37:38,7040,Background Intelligent Transfer Service,auto start,demand start
2025-04-11 02:38:49,7040,Background Intelligent Transfer Service,demand start,auto start
2025-04-11 02:41:03,7040,Background Intelligent Transfer Service,auto start,demand start
2025-04-11 03:42:13,7040,Background Intelligent Transfer Service,demand start,auto start
2025-04-11 03:44:28,7040,Background Intelligent Transfer Service,auto start,demand start
2025-04-11 04:31:59,7040,Background Intelligent Transfer Service,demand start,auto start
2025-04-11 04:34:13,7040,Background Intelligent Transfer Service,auto start,demand start
2025-04-11 05:35:23,7040,Background Intelligent Transfer Service,demand start,auto start
2025-04-11 05:37:37,7040,Background Intelligent Transfer Service,auto start,demand start
2025-04-11 06:38:47,7040,Background Intelligent Transfer Service,demand start,auto start
2025-04-11 06:41:02,7040,Background Intelligent Transfer Service,auto start,demand start
2025-04-11 07:42:12,7040,Background Intelligent Transfer Service,demand start,auto start
2025-04-11 07:44:26,7040,Background Intelligent Transfer Service,auto start,demand start
2025-04-11 08:31:59,7040,Background Intelligent Transfer Service,demand start,auto start
2025-04-11 08:34:13,7040,Background Intelligent Transfer Service,auto start,demand start
2025-04-11 09:35:23,7040,Background Intelligent Transfer Service,demand start,auto start
2025-04-11 09:37:37,7040,Background Intelligent Transfer Service,auto start,demand start
2025-04-11 10:38:48,7040,Background Intelligent Transfer Service,demand start,auto start
2025-04-11 10:41:03,7040,Background Intelligent Transfer Service,auto start,demand start
2025-04-11 11:06:38,7040,Background Intelligent Transfer Service,demand start,auto start
2025-04-11 11:16:03,7040,Background Intelligent Transfer Service,auto start,demand start
2025-04-11 11:42:13,7040,Background Intelligent Transfer Service,demand start,auto start
2025-04-11 11:44:28,7040,Background Intelligent Transfer Service,auto start,demand start
2025-04-11 12:31:59,7040,Background Intelligent Transfer Service,demand start,auto start
2025-04-11 12:34:13,7040,Background Intelligent Transfer Service,auto start,demand start
2025-04-11 13:35:23,7040,Background Intelligent Transfer Service,demand start,auto start
2025-04-11 13:37:37,7040,Background Intelligent Transfer Service,auto start,demand start
2025-04-11 14:38:48,7040,Background Intelligent Transfer Service,demand start,auto start
2025-04-11 14:41:03,7040,Background Intelligent Transfer Service,auto start,demand start
2025-04-11 15:42:13,7040,Background Intelligent Transfer Service,demand start,auto start
2025-04-11 15:44:27,7040,Background Intelligent Transfer Service,auto start,demand start
2025-04-11 16:31:59,7040,Background Intelligent Transfer Service,demand start,auto start
2025-04-11 16:34:14,7040,Background Intelligent Transfer Service,auto start,demand start
2025-04-11 17:35:24,7040,Background Intelligent Transfer Service,demand start,auto start
2025-04-11 17:37:38,7040,Background Intelligent Transfer Service,auto start,demand start
2025-04-11 18:38:48,7040,Background Intelligent Transfer Service,demand start,auto start
2025-04-11 18:41:02,7040,Background Intelligent Transfer Service,auto start,demand start
2025-04-11 19:42:12,7040,Background Intelligent Transfer Service,demand start,auto start
2025-04-11 19:44:26,7040,Background Intelligent Transfer Service,auto start,demand start
2025-04-11 20:31:58,7040,Background Intelligent Transfer Service,demand start,auto start
2025-04-11 20:34:13,7040,Background Intelligent Transfer Service,auto start,demand start
2025-04-11 20:36:26,7040,Background Intelligent Transfer Service,demand start,auto start
2025-04-11 20:43:26,7040,Background Intelligent Transfer Service,auto start,demand start
2025-04-11 21:35:23,7040,Background Intelligent Transfer Service,demand start,auto start
2025-04-11 21:37:37,7040,Background Intelligent Transfer Service,auto start,demand start
2025-04-11 21:40:14,7040,Background Intelligent Transfer Service,demand start,auto start
2025-04-11 21:54:35,7040,Background Intelligent Transfer Service,auto start,demand start
2025-04-11 22:38:48,7040,Background Intelligent Transfer Service,demand start,auto start
2025-04-11 22:41:03,7040,Background Intelligent Transfer Service,auto start,demand start
2025-04-11 23:42:13,7040,Background Intelligent Transfer Service,demand start,auto start
2025-04-11 23:44:28,7040,Background Intelligent Transfer Service,auto start,demand start
2025-04-12 00:31:59,7040,Background Intelligent Transfer Service,demand start,auto start
2025-04-12 00:34:13,7040,Background Intelligent Transfer Service,auto start,demand start
2025-04-12 01:35:23,7040,Background Intelligent Transfer Service,demand start,auto start
2025-04-12 01:37:38,7040,Background Intelligent Transfer Service,auto start,demand start
2025-04-12 02:38:49,7040,Background Intelligent Transfer Service,demand start,auto start
2025-04-12 02:41:04,7040,Background Intelligent Transfer Service,auto start,demand start
2025-04-12 03:42:15,7040,Background Intelligent Transfer Service,demand start,auto start
2025-04-12 03:44:29,7040,Background Intelligent Transfer Service,auto start,demand start
2025-04-12 04:31:58,7040,Background Intelligent Transfer Service,demand start,auto start
2025-04-12 04:34:13,7040,Background Intelligent Transfer Service,auto start,demand start
2025-04-12 05:35:23,7040,Background Intelligent Transfer Service,demand start,auto start
2025-04-12 05:37:38,7040,Background Intelligent Transfer Service,auto start,demand start
2025-04-12 06:38:48,7040,Background Intelligent Transfer Service,demand start,auto start
2025-04-12 06:41:03,7040,Background Intelligent Transfer Service,auto start,demand start
2025-04-12 07:42:13,7040,Background Intelligent Transfer Service,demand start,auto start
2025-04-12 07:44:27,7040,Background Intelligent Transfer Service,auto start,demand start
2025-04-12 08:31:58,7040,Background Intelligent Transfer Service,demand start,auto start
2025-04-12 08:34:13,7040,Background Intelligent Transfer Service,auto start,demand start
2025-04-12 09:35:23,7040,Background Intelligent Transfer Service,demand start,auto start
2025-04-12 09:37:37,7040,Background Intelligent Transfer Service,auto start,demand start
2025-04-12 10:38:47,7040,Background Intelligent Transfer Service,demand start,auto start
2025-04-12 10:41:01,7040,Background Intelligent Transfer Service,auto start,demand start
2025-04-12 11:14:03,7040,Background Intelligent Transfer Service,demand start,auto start
2025-04-12 11:23:28,7040,Background Intelligent Transfer Service,auto start,demand start
2025-04-12 11:42:11,7040,Background Intelligent Transfer Service,demand start,auto start
2025-04-12 11:44:26,7040,Background Intelligent Transfer Service,auto start,demand start
2025-04-12 12:30:55,7040,Background Intelligent Transfer Service,demand start,auto start
2025-04-12 12:33:09,7040,Background Intelligent Transfer Service,auto start,demand start
2025-04-12 13:32:55,7040,Background Intelligent Transfer Service,demand start,auto start
2025-04-12 13:35:09,7040,Background Intelligent Transfer Service,auto start,demand start
2025-04-12 14:35:37,7040,Background Intelligent Transfer Service,demand start,auto start
2025-04-12 14:37:51,7040,Background Intelligent Transfer Service,auto start,demand start
2025-04-12 15:38:19,7040,Background Intelligent Transfer Service,demand start,auto start
2025-04-12 15:40:33,7040,Background Intelligent Transfer Service,auto start,demand start
2025-04-12 16:31:59,7040,Background Intelligent Transfer Service,demand start,auto start
2025-04-12 16:34:13,7040,Background Intelligent Transfer Service,auto start,demand start
2025-04-12 16:34:57,7040,Background Intelligent Transfer Service,demand start,auto start
2025-04-12 16:45:27,7040,Background Intelligent Transfer Service,auto start,demand start
2025-04-12 17:35:23,7040,Background Intelligent Transfer Service,demand start,auto start
2025-04-12 17:37:38,7040,Background Intelligent Transfer Service,auto start,demand start
2025-04-12 18:38:48,7040,Background Intelligent Transfer Service,demand start,auto start
2025-04-12 18:41:02,7040,Background Intelligent Transfer Service,auto start,demand start
2025-04-12 19:42:13,7040,Background Intelligent Transfer Service,demand start,auto start
2025-04-12 19:44:28,7040,Background Intelligent Transfer Service,auto start,demand start
2025-04-12 19:45:14,7040,Background Intelligent Transfer Service,demand start,auto start
2025-04-12 19:59:35,7040,Background Intelligent Transfer Service,auto start,demand start
2025-04-12 20:31:59,7040,Background Intelligent Transfer Service,demand start,auto start
2025-04-12 20:34:13,7040,Background Intelligent Transfer Service,auto start,demand start
2025-04-12 20:36:26,7040,Background Intelligent Transfer Service,demand start,auto start
2025-04-12 20:43:26,7040,Background Intelligent Transfer Service,auto start,demand start
2025-04-12 21:35:24,7040,Background Intelligent Transfer Service,demand start,auto start
2025-04-12 21:37:38,7040,Background Intelligent Transfer Service,auto start,demand start
2025-04-12 22:38:48,7040,Background Intelligent Transfer Service,demand start,auto start
2025-04-12 22:41:03,7040,Background Intelligent Transfer Service,auto start,demand start
2025-04-12 23:40:49,7040,Background Intelligent Transfer Service,demand start,auto start
2025-04-12 23:43:03,7040,Background Intelligent Transfer Service,auto start,demand start
2025-04-13 00:31:37,7040,Background Intelligent Transfer Service,demand start,auto start
2025-04-13 00:33:52,7040,Background Intelligent Transfer Service,auto start,demand start
2025-04-13 01:35:02,7040,Background Intelligent Transfer Service,demand start,auto start
2025-04-13 01:37:16,7040,Background Intelligent Transfer Service,auto start,demand start
2025-04-13 02:38:26,7040,Background Intelligent Transfer Service,demand start,auto start
2025-04-13 02:40:40,7040,Background Intelligent Transfer Service,auto start,demand start
2025-04-13 03:41:50,7040,Background Intelligent Transfer Service,demand start,auto start
2025-04-13 03:44:05,7040,Background Intelligent Transfer Service,auto start,demand start
2025-04-13 04:31:58,7040,Background Intelligent Transfer Service,demand start,auto start
2025-04-13 04:34:13,7040,Background Intelligent Transfer Service,auto start,demand start
2025-04-13 05:35:23,7040,Background Intelligent Transfer Service,demand start,auto start
2025-04-13 05:37:37,7040,Background Intelligent Transfer Service,auto start,demand start
2025-04-13 06:38:47,7040,Background Intelligent Transfer Service,demand start,auto start
2025-04-13 06:41:01,7040,Background Intelligent Transfer Service,auto start,demand start
2025-04-13 07:42:12,7040,Background Intelligent Transfer Service,demand start,auto start
2025-04-13 07:44:27,7040,Background Intelligent Transfer Service,auto start,demand start
2025-04-13 08:31:59,7040,Background Intelligent Transfer Service,demand start,auto start
2025-04-13 08:34:13,7040,Background Intelligent Transfer Service,auto start,demand start
2025-04-13 09:35:23,7040,Background Intelligent Transfer Service,demand start,auto start
2025-04-13 09:37:37,7040,Background Intelligent Transfer Service,auto start,demand start
2025-04-13 10:38:47,7040,Background Intelligent Transfer Service,demand start,auto start
2025-04-13 10:41:02,7040,Background Intelligent Transfer Service,auto start,demand start
2025-04-13 11:21:28,7040,Background Intelligent Transfer Service,demand start,auto start
2025-04-13 11:30:53,7040,Background Intelligent Transfer Service,auto start,demand start
2025-04-13 11:41:51,7040,Background Intelligent Transfer Service,demand start,auto start
2025-04-13 11:44:05,7040,Background Intelligent Transfer Service,auto start,demand start
2025-04-13 12:31:16,7040,Background Intelligent Transfer Service,demand start,auto start
2025-04-13 12:33:31,7040,Background Intelligent Transfer Service,auto start,demand start
2025-04-13 13:33:38,7040,Background Intelligent Transfer Service,demand start,auto start
2025-04-13 13:35:53,7040,Background Intelligent Transfer Service,auto start,demand start
2025-04-13 14:36:00,7040,Background Intelligent Transfer Service,demand start,auto start
2025-04-13 14:38:14,7040,Background Intelligent Transfer Service,auto start,demand start
2025-04-13 15:38:22,7040,Background Intelligent Transfer Service,demand start,auto start
2025-04-13 15:40:36,7040,Background Intelligent Transfer Service,auto start,demand start
2025-04-13 16:30:34,7040,Background Intelligent Transfer Service,demand start,auto start
2025-04-13 16:32:49,7040,Background Intelligent Transfer Service,auto start,demand start
2025-04-13 17:33:59,7040,Background Intelligent Transfer Service,demand start,auto start
2025-04-13 17:36:14,7040,Background Intelligent Transfer Service,auto start,demand start
2025-04-13 18:37:24,7040,Background Intelligent Transfer Service,demand start,auto start
2025-04-13 18:39:39,7040,Background Intelligent Transfer Service,auto start,demand start
2025-04-13 19:40:49,7040,Background Intelligent Transfer Service,demand start,auto start
2025-04-13 19:43:03,7040,Background Intelligent Transfer Service,auto start,demand start
2025-04-13 19:53:55,7040,Background Intelligent Transfer Service,demand start,auto start
2025-04-13 20:08:16,7040,Background Intelligent Transfer Service,auto start,demand start
2025-04-13 20:31:58,7040,Background Intelligent Transfer Service,demand start,auto start
2025-04-13 20:34:13,7040,Background Intelligent Transfer Service,auto start,demand start
2025-04-13 20:36:26,7040,Background Intelligent Transfer Service,demand start,auto start
2025-04-13 20:43:26,7040,Background Intelligent Transfer Service,auto start,demand start
2025-04-13 21:35:23,7040,Background Intelligent Transfer Service,demand start,auto start
2025-04-13 21:37:37,7040,Background Intelligent Transfer Service,auto start,demand start
2025-04-13 22:38:06,7040,Background Intelligent Transfer Service,demand start,auto start
2025-04-13 22:40:20,7040,Background Intelligent Transfer Service,auto start,demand start
2025-04-13 23:41:31,7040,Background Intelligent Transfer Service,demand start,auto start
2025-04-13 23:43:46,7040,Background Intelligent Transfer Service,auto start,demand start
2025-04-14 00:31:59,7040,Background Intelligent Transfer Service,demand start,auto start
2025-04-14 00:34:13,7040,Background Intelligent Transfer Service,auto start,demand start
2025-04-14 01:35:23,7040,Background Intelligent Transfer Service,demand start,auto start
2025-04-14 01:37:37,7040,Background Intelligent Transfer Service,auto start,demand start
2025-04-14 02:38:48,7040,Background Intelligent Transfer Service,demand start,auto start
2025-04-14 02:41:02,7040,Background Intelligent Transfer Service,auto start,demand start
2025-04-14 03:42:13,7040,Background Intelligent Transfer Service,demand start,auto start
2025-04-14 03:44:28,7040,Background Intelligent Transfer Service,auto start,demand start
2025-04-14 04:31:59,7040,Background Intelligent Transfer Service,demand start,auto start
2025-04-14 04:34:13,7040,Background Intelligent Transfer Service,auto start,demand start
2025-04-14 05:35:24,7040,Background Intelligent Transfer Service,demand start,auto start
2025-04-14 05:37:38,7040,Background Intelligent Transfer Service,auto start,demand start
2025-04-14 06:38:49,7040,Background Intelligent Transfer Service,demand start,auto start
2025-04-14 06:41:04,7040,Background Intelligent Transfer Service,auto start,demand start
2025-04-14 07:42:14,7040,Background Intelligent Transfer Service,demand start,auto start
2025-04-14 07:44:28,7040,Background Intelligent Transfer Service,auto start,demand start
2025-04-14 08:31:59,7040,Background Intelligent Transfer Service,demand start,auto start
2025-04-14 08:34:13,7040,Background Intelligent Transfer Service,auto start,demand start
2025-04-14 09:35:23,7040,Background Intelligent Transfer Service,demand start,auto start
2025-04-14 09:37:38,7040,Background Intelligent Transfer Service,auto start,demand start
2025-04-14 10:38:48,7040,Background Intelligent Transfer Service,demand start,auto start
2025-04-14 10:41:03,7040,Background Intelligent Transfer Service,auto start,demand start
2025-04-14 11:28:53,7040,Background Intelligent Transfer Service,demand start,auto start
2025-04-14 11:38:18,7040,Background Intelligent Transfer Service,auto start,demand start
2025-04-14 11:42:13,7040,Background Intelligent Transfer Service,demand start,auto start
2025-04-14 11:44:27,7040,Background Intelligent Transfer Service,auto start,demand start
2025-04-14 12:31:58,7040,Background Intelligent Transfer Service,demand start,auto start
2025-04-14 12:34:13,7040,Background Intelligent Transfer Service,auto start,demand start
2025-04-14 13:35:02,7040,Background Intelligent Transfer Service,demand start,auto start
2025-04-14 13:37:17,7040,Background Intelligent Transfer Service,auto start,demand start
2025-04-14 14:38:27,7040,Background Intelligent Transfer Service,demand start,auto start
2025-04-14 14:40:42,7040,Background Intelligent Transfer Service,auto start,demand start
2025-04-14 15:41:10,7040,Background Intelligent Transfer Service,demand start,auto start
2025-04-14 15:43:24,7040,Background Intelligent Transfer Service,auto start,demand start
2025-04-14 16:30:35,7040,Background Intelligent Transfer Service,demand start,auto start
2025-04-14 16:32:50,7040,Background Intelligent Transfer Service,auto start,demand start
2025-04-14 16:34:57,7040,Background Intelligent Transfer Service,demand start,auto start
2025-04-14 16:45:27,7040,Background Intelligent Transfer Service,auto start,demand start
2025-04-14 17:34:01,7040,Background Intelligent Transfer Service,demand start,auto start
2025-04-14 17:36:15,7040,Background Intelligent Transfer Service,auto start,demand start
2025-04-14 18:37:25,7040,Background Intelligent Transfer Service,demand start,auto start
2025-04-14 18:39:39,7040,Background Intelligent Transfer Service,auto start,demand start
2025-04-14 19:40:49,7040,Background Intelligent Transfer Service,demand start,auto start
2025-04-14 19:43:04,7040,Background Intelligent Transfer Service,auto start,demand start
2025-04-14 20:31:59,7040,Background Intelligent Transfer Service,demand start,auto start
2025-04-14 20:48:42,7040,Background Intelligent Transfer Service,auto start,demand start
2025-04-14 21:35:23,7040,Background Intelligent Transfer Service,demand start,auto start
2025-04-14 21:37:38,7040,Background Intelligent Transfer Service,auto start,demand start
2025-04-14 22:38:48,7040,Background Intelligent Transfer Service,demand start,auto start
2025-04-14 22:41:03,7040,Background Intelligent Transfer Service,auto start,demand start
2025-04-14 23:42:13,7040,Background Intelligent Transfer Service,demand start,auto start
2025-04-14 23:44:27,7040,Background Intelligent Transfer Service,auto start,demand start
2025-04-15 00:31:59,7040,Background Intelligent Transfer Service,demand start,auto start
2025-04-15 00:34:13,7040,Background Intelligent Transfer Service,auto start,demand start
2025-04-15 01:35:24,7040,Background Intelligent Transfer Service,demand start,auto start
2025-04-15 01:37:39,7040,Background Intelligent Transfer Service,auto start,demand start
2025-04-15 02:38:49,7040,Background Intelligent Transfer Service,demand start,auto start
2025-04-15 02:41:03,7040,Background Intelligent Transfer Service,auto start,demand start
2025-04-15 03:42:14,7040,Background Intelligent Transfer Service,demand start,auto start
2025-04-15 03:44:28,7040,Background Intelligent Transfer Service,auto start,demand start
2025-04-15 04:31:59,7040,Background Intelligent Transfer Service,demand start,auto start
2025-04-15 04:34:13,7040,Background Intelligent Transfer Service,auto start,demand start
2025-04-15 05:35:24,7040,Background Intelligent Transfer Service,demand start,auto start
2025-04-15 05:37:39,7040,Background Intelligent Transfer Service,auto start,demand start
2025-04-15 06:38:50,7040,Background Intelligent Transfer Service,demand start,auto start
2025-04-15 06:41:05,7040,Background Intelligent Transfer Service,auto start,demand start
2025-04-15 07:42:15,7040,Background Intelligent Transfer Service,demand start,auto start
2025-04-15 07:44:29,7040,Background Intelligent Transfer Service,auto start,demand start
2025-04-15 08:31:59,7040,Background Intelligent Transfer Service,demand start,auto start
2025-04-15 08:34:13,7040,Background Intelligent Transfer Service,auto start,demand start
2025-04-15 09:35:24,7040,Background Intelligent Transfer Service,demand start,auto start
2025-04-15 09:37:39,7040,Background Intelligent Transfer Service,auto start,demand start
2025-04-15 10:38:49,7040,Background Intelligent Transfer Service,demand start,auto start
2025-04-15 10:41:04,7040,Background Intelligent Transfer Service,auto start,demand start
2025-04-15 11:36:18,7040,Background Intelligent Transfer Service,demand start,auto start
2025-04-15 11:45:43,7040,Background Intelligent Transfer Service,auto start,demand start
2025-04-15 12:31:59,7040,Background Intelligent Transfer Service,demand start,auto start
2025-04-15 12:34:13,7040,Background Intelligent Transfer Service,auto start,demand start
2025-04-15 13:35:25,7040,Background Intelligent Transfer Service,demand start,auto start
2025-04-15 13:37:39,7040,Background Intelligent Transfer Service,auto start,demand start
2025-04-15 14:38:49,7040,Background Intelligent Transfer Service,demand start,auto start
2025-04-15 14:41:03,7040,Background Intelligent Transfer Service,auto start,demand start
2025-04-15 15:42:13,7040,Background Intelligent Transfer Service,demand start,auto start
2025-04-15 15:44:27,7040,Background Intelligent Transfer Service,auto start,demand start
2025-04-15 16:31:59,7040,Background Intelligent Transfer Service,demand start,auto start
2025-04-15 16:34:13,7040,Background Intelligent Transfer Service,auto start,demand start
2025-04-15 16:34:57,7040,Background Intelligent Transfer Service,demand start,auto start
2025-04-15 16:45:28,7040,Background Intelligent Transfer Service,auto start,demand start
2025-04-15 17:35:23,7040,Background Intelligent Transfer Service,demand start,auto start
2025-04-15 17:37:38,7040,Background Intelligent Transfer Service,auto start,demand start
2025-04-15 18:38:48,7040,Background Intelligent Transfer Service,demand start,auto start
2025-04-15 18:41:03,7040,Background Intelligent Transfer Service,auto start,demand start
2025-04-15 19:42:13,7040,Background Intelligent Transfer Service,demand start,auto start
2025-04-15 19:44:28,7040,Background Intelligent Transfer Service,auto start,demand start
2025-04-15 20:31:59,7040,Background Intelligent Transfer Service,demand start,auto start
2025-04-15 20:34:13,7040,Background Intelligent Transfer Service,auto start,demand start
2025-04-15 20:36:26,7040,Background Intelligent Transfer Service,demand start,auto start
2025-04-15 20:43:26,7040,Background Intelligent Transfer Service,auto start,demand start
2025-04-15 21:35:24,7040,Background Intelligent Transfer Service,demand start,auto start
2025-04-15 21:37:38,7040,Background Intelligent Transfer Service,auto start,demand start
2025-04-15 22:23:22,7040,Background Intelligent Transfer Service,demand start,auto start
2025-04-15 22:37:43,7040,Background Intelligent Transfer Service,auto start,demand start
2025-04-15 22:38:28,7040,Background Intelligent Transfer Service,demand start,auto start
2025-04-15 22:40:42,7040,Background Intelligent Transfer Service,auto start,demand start
2025-04-15 23:41:53,7040,Background Intelligent Transfer Service,demand start,auto start
2025-04-15 23:44:08,7040,Background Intelligent Transfer Service,auto start,demand start
2025-04-16 00:31:59,7040,Background Intelligent Transfer Service,demand start,auto start
2025-04-16 00:34:13,7040,Background Intelligent Transfer Service,auto start,demand start
2025-04-16 01:35:23,7040,Background Intelligent Transfer Service,demand start,auto start
2025-04-16 01:37:37,7040,Background Intelligent Transfer Service,auto start,demand start
2025-04-16 02:38:49,7040,Background Intelligent Transfer Service,demand start,auto start
2025-04-16 02:41:03,7040,Background Intelligent Transfer Service,auto start,demand start
2025-04-16 03:42:13,7040,Background Intelligent Transfer Service,demand start,auto start
2025-04-16 03:44:28,7040,Background Intelligent Transfer Service,auto start,demand start
2025-04-16 04:31:59,7040,Background Intelligent Transfer Service,demand start,auto start
2025-04-16 04:34:13,7040,Background Intelligent Transfer Service,auto start,demand start
2025-04-16 05:30:38,7040,Background Intelligent Transfer Service,demand start,auto start
2025-04-16 06:05:49,7040,Windows Modules Installer,demand start,auto start
2025-04-16 06:13:21,7040,Windows Modules Installer,auto start,demand start
2025-04-24 17:52:51,7040,Windows Modules Installer,demand start,auto start
2025-04-24 17:53:09,7040,Windows Modules Installer,auto start,demand start
2025-04-24 17:53:17,7040,Windows Modules Installer,demand start,auto start
2025-04-24 17:53:28,7040,Windows Modules Installer,auto start,demand start
2025-04-24 17:54:40,7040,Background Intelligent Transfer Service,auto start,demand start
2025-04-24 18:02:41,7040,Windows Modules Installer,demand start,auto start
2025-04-24 18:03:09,7040,Windows Modules Installer,auto start,demand start
2025-04-24 18:03:28,7040,Windows Modules Installer,demand start,auto start
2025-04-24 18:05:09,7040,Windows Modules Installer,auto start,demand start
2025-04-24 18:05:09,7040,Windows Modules Installer,demand start,auto start
2025-04-24 19:44:31,7040,Background Intelligent Transfer Service,demand start,auto start
2025-04-24 19:48:15,7040,Windows Modules Installer,auto start,demand start
2025-04-24 19:54:22,7040,UCPD,auto start,system start
2025-04-24 19:59:17,7040,Background Intelligent Transfer Service,auto start,demand start
2025-04-25 07:23:26,7040,Background Intelligent Transfer Service,demand start,auto start
2025-04-25 07:30:26,7040,Background Intelligent Transfer Service,auto start,demand start
2025-04-25 09:58:07,7040,Background Intelligent Transfer Service,demand start,auto start
2025-04-25 10:00:22,7040,Background Intelligent Transfer Service,auto start,demand start
2025-04-25 14:10:32,7040,Background Intelligent Transfer Service,demand start,auto start
2025-04-27 13:54:12,7040,Background Intelligent Transfer Service,auto start,demand start
2025-04-28 15:43:20,7040,Background Intelligent Transfer Service,demand start,auto start
2025-04-28 15:45:24,7040,Background Intelligent Transfer Service,auto start,demand start
2025-04-28 15:48:25,7040,Background Intelligent Transfer Service,demand start,auto start
2025-04-28 15:49:10,7040,Windows Modules Installer,demand start,auto start
2025-04-28 15:51:15,7040,Microsoft Update Health Service,auto start,disabled
2025-04-28 15:51:15,7040,Microsoft Update Health Service,disabled,auto start
2025-04-29 17:43:12,7040,Windows Modules Installer,auto start,demand start
2025-04-29 18:09:59,7040,Background Intelligent Transfer Service,auto start,demand start
2025-04-29 18:10:01,7040,Background Intelligent Transfer Service,demand start,auto start
2025-04-29 18:12:13,7040,Background Intelligent Transfer Service,auto start,demand start
2025-04-29 18:12:27,7040,Background Intelligent Transfer Service,demand start,auto start
2025-04-29 18:14:36,7040,Background Intelligent Transfer Service,auto start,demand start
2025-04-30 05:45:34,7040,Background Intelligent Transfer Service,demand start,auto start
2025-04-30 18:56:24,7040,Background Intelligent Transfer Service,auto start,demand start
2025-04-30 18:58:31,7040,Background Intelligent Transfer Service,demand start,auto start
2025-04-30 19:01:21,7040,Background Intelligent Transfer Service,auto start,demand start
2025-05-02 19:00:37,7040,Background Intelligent Transfer Service,demand start,auto start
2025-05-02 19:03:28,7040,Windows Modules Installer,demand start,auto start
2025-05-02 19:04:31,7040,Windows Modules Installer,auto start,demand start
2025-05-02 19:05:19,7040,Windows Modules Installer,demand start,auto start
2025-05-02 20:09:37,7040,Windows Modules Installer,auto start,demand start
2025-05-02 20:09:39,7040,Windows Modules Installer,demand start,auto start
2025-05-02 20:57:01,7040,Windows Modules Installer,auto start,demand start
2025-05-02 21:55:55,7040,Windows Modules Installer,demand start,auto start
2025-05-02 22:56:20,7040,Windows Modules Installer,auto start,demand start
2025-05-02 22:56:25,7040,Windows Modules Installer,demand start,auto start
2025-05-02 23:56:42,7040,Windows Modules Installer,auto start,demand start
2025-05-03 16:27:51,7040,Windows Modules Installer,demand start,auto start
2025-05-03 16:28:15,7040,Windows Modules Installer,auto start,demand start
2025-05-03 16:28:27,7040,Windows Modules Installer,demand start,auto start
2025-05-03 17:10:17,7040,Windows Modules Installer,auto start,demand start
2025-05-05 14:36:20,7040,Windows Modules Installer,demand start,auto start
2025-05-05 14:37:37,7040,Windows Modules Installer,auto start,demand start
2025-05-05 14:38:15,7040,Windows Modules Installer,demand start,auto start
2025-05-05 19:37:41,7040,Background Intelligent Transfer Service,auto start,demand start
2025-05-05 19:42:35,7040,Windows Modules Installer,auto start,demand start
2025-05-06 07:11:24,7040,Background Intelligent Transfer Service,demand start,auto start
2025-05-06 07:22:16,7040,Background Intelligent Transfer Service,auto start,demand start
2025-05-06 10:31:43,7040,Background Intelligent Transfer Service,demand start,auto start
2025-05-06 10:42:57,7040,Background Intelligent Transfer Service,auto start,demand start
2025-05-06 10:47:46,7040,Background Intelligent Transfer Service,demand start,auto start
2025-05-06 11:03:31,7040,Background Intelligent Transfer Service,auto start,demand start
2025-05-06 11:36:59,7040,Background Intelligent Transfer Service,demand start,auto start
2025-05-06 11:39:05,7040,Background Intelligent Transfer Service,auto start,demand start
2025-05-06 13:22:53,7040,Background Intelligent Transfer Service,demand start,auto start
2025-05-06 13:26:00,7040,Background Intelligent Transfer Service,auto start,demand start
2025-05-06 15:02:03,7040,Background Intelligent Transfer Service,demand start,auto start
2025-05-06 15:04:24,7040,Background Intelligent Transfer Service,auto start,demand start
2025-05-06 15:06:15,7040,Background Intelligent Transfer Service,demand start,auto start
2025-05-06 15:19:05,7040,Background Intelligent Transfer Service,auto start,demand start
2025-05-06 15:27:50,7040,Background Intelligent Transfer Service,demand start,auto start
2025-05-06 19:34:52,7040,Background Intelligent Transfer Service,auto start,demand start
2025-05-06 20:32:12,7040,Background Intelligent Transfer Service,demand start,auto start
2025-05-06 20:40:26,7040,Background Intelligent Transfer Service,auto start,demand start
2025-05-06 21:02:18,7040,Background Intelligent Transfer Service,demand start,auto start
2025-05-06 21:10:30,7040,Background Intelligent Transfer Service,auto start,demand start
2025-05-07 18:41:44,7040,Background Intelligent Transfer Service,demand start,auto start
